ETS1-1	0
ETS1-2	0
ETS2-1	0
ETS2-2	16
HRA1	28
ICR1	85
IRT1	96
ITS1-1	0
ITS1-2	0
ITS2-1	0
ITS2-2	0
LSR1	22
NME1	22
PWR1	0
Q0010	0
Q0017	0
Q0020	1
Q0032	0
Q0045	4
Q0050	1
Q0055	2
Q0060	0
Q0065	0
Q0070	0
Q0075	0
Q0080	0
Q0085	0
Q0092	0
Q0105	0
Q0110	0
Q0115	0
Q0120	0
Q0130	0
Q0140	0
Q0142	0
Q0143	0
Q0144	0
Q0158	17
Q0160	0
Q0182	0
Q0250	0
Q0255	0
Q0275	0
Q0285	1
Q0297	0
RDN18-1	0
RDN18-2	0
RDN25-1	0
RDN25-2	0
RDN37-1	0
RDN37-2	0
RDN5-1	348
RDN5-2	0
RDN5-3	0
RDN5-4	0
RDN5-5	0
RDN5-6	0
RDN58-1	0
RDN58-2	0
RME2	146
RME3	0
RNA170	9
RPR1	4
RUF20	49
RUF21	1
RUF22	1
RUF23	19
RUF5-1	0
RUF5-2	3
SCR1	10
SRG1	170
YAL001C	502
YAL002W	406
YAL003W	15599
YAL004W	0
YAL005C	11448
YAL007C	985
YAL008W	366
YAL009W	254
YAL010C	264
YAL011W	389
YAL012W	9442
YAL013W	538
YAL014C	690
YAL015C	357
YAL016C-A	91
YAL016C-B	0
YAL016W	1299
YAL017W	406
YAL018C	3
YAL019W	1056
YAL019W-A	5
YAL020C	215
YAL021C	1254
YAL022C	883
YAL023C	3774
YAL024C	379
YAL025C	2607
YAL026C	865
YAL026C-A	44
YAL027W	159
YAL028W	117
YAL029C	1262
YAL030W	461
YAL031C	326
YAL031W-A	19
YAL032C	367
YAL033W	226
YAL034C	325
YAL034C-B	4
YAL034W-A	181
YAL035W	5187
YAL036C	2305
YAL037C-A	2
YAL037C-B	3347
YAL037W	101
YAL038W	45663
YAL039C	895
YAL040C	1944
YAL041W	931
YAL042C-A	162
YAL042W	2233
YAL043C	781
YAL044C	1203
YAL044W-A	271
YAL045C	60
YAL046C	357
YAL047C	220
YAL047W-A	1
YAL048C	193
YAL049C	637
YAL051W	574
YAL053W	2077
YAL054C	331
YAL055W	121
YAL056C-A	11
YAL056W	722
YAL058W	427
YAL059C-A	4
YAL059W	687
YAL060W	2342
YAL061W	246
YAL062W	279
YAL063C	203
YAL063C-A	6
YAL064C-A	28
YAL064W	1
YAL064W-B	7
YAL065C	6
YAL066W	0
YAL067C	118
YAL067W-A	0
YAL068C	0
YAL068W-A	0
YAL069W	0
YAR002C-A	1929
YAR002W	1055
YAR003W	521
YAR007C	1108
YAR008W	466
YAR009C	112
YAR010C	0
YAR014C	1029
YAR015W	2714
YAR018C	296
YAR019C	287
YAR019W-A	15
YAR020C	18
YAR023C	36
YAR027W	378
YAR028W	316
YAR029W	28
YAR030C	12
YAR031W	109
YAR033W	199
YAR035C-A	0
YAR035W	101
YAR042W	1548
YAR047C	9
YAR050W	144
YAR053W	12
YAR060C	0
YAR061W	4
YAR064W	10
YAR066W	15
YAR068W	2
YAR069C	0
YAR070C	0
YAR071W	68
YAR073W	6
YAR075W	1
YBL001C	1501
YBL002W	1717
YBL003C	2113
YBL004W	1874
YBL005W	459
YBL005W-A	0
YBL005W-B	465
YBL006C	583
YBL006W-A	0
YBL007C	1823
YBL008W	467
YBL008W-A	1
YBL009W	551
YBL010C	248
YBL011W	1083
YBL012C	59
YBL013W	70
YBL014C	710
YBL015W	1686
YBL016W	1153
YBL017C	1578
YBL018C	387
YBL019W	208
YBL020W	1007
YBL021C	460
YBL022C	1568
YBL023C	545
YBL024W	2641
YBL025W	214
YBL026W	473
YBL027W	16741
YBL028C	1106
YBL029C-A	228
YBL029W	207
YBL030C	10665
YBL031W	198
YBL032W	1260
YBL033C	1083
YBL034C	311
YBL035C	760
YBL036C	1082
YBL037W	436
YBL038W	697
YBL039C	4399
YBL039C-A	0
YBL039W-B	72
YBL040C	935
YBL041W	2034
YBL042C	2278
YBL043W	255
YBL044W	3
YBL045C	5641
YBL046W	380
YBL047C	2290
YBL048W	18
YBL049W	119
YBL050W	1058
YBL051C	2277
YBL052C	442
YBL053W	21
YBL054W	2189
YBL055C	825
YBL056W	2284
YBL057C	711
YBL058W	1512
YBL059C-A	328
YBL059W	152
YBL060W	306
YBL061C	776
YBL062W	19
YBL063W	200
YBL064C	1520
YBL065W	2
YBL066C	607
YBL067C	713
YBL068W	1140
YBL068W-A	0
YBL069W	687
YBL070C	54
YBL071C	167
YBL071C-B	5
YBL071W-A	406
YBL072C	9475
YBL073W	19
YBL074C	120
YBL075C	474
YBL076C	6547
YBL077W	278
YBL078C	115
YBL079W	1041
YBL080C	217
YBL081W	1418
YBL082C	611
YBL083C	26
YBL084C	418
YBL085W	916
YBL086C	357
YBL087C	6620
YBL088C	537
YBL089W	320
YBL090W	456
YBL091C	2207
YBL091C-A	234
YBL092W	16885
YBL093C	1332
YBL094C	32
YBL095W	144
YBL096C	12
YBL097W	122
YBL098W	247
YBL099W	8598
YBL100C	762
YBL100W-A	0
YBL100W-B	121
YBL100W-C	7
YBL101C	378
YBL102W	588
YBL103C	447
YBL104C	468
YBL105C	935
YBL106C	380
YBL107C	465
YBL107W-A	0
YBL108C-A	0
YBL108W	1
YBL109W	2
YBL111C	3
YBL112C	0
YBL113C	348
YBL113W-A	0
YBR001C	278
YBR002C	846
YBR003W	561
YBR004C	412
YBR005W	181
YBR006W	387
YBR007C	376
YBR008C	456
YBR009C	3219
YBR010W	3331
YBR011C	10576
YBR012C	47
YBR012W-A	0
YBR012W-B	52
YBR013C	116
YBR014C	580
YBR015C	2091
YBR016W	489
YBR017C	1550
YBR018C	27
YBR019C	111
YBR020W	161
YBR021W	607
YBR022W	287
YBR023C	1391
YBR024W	286
YBR025C	6589
YBR026C	1220
YBR027C	1
YBR028C	693
YBR029C	1522
YBR030W	715
YBR031W	16444
YBR032W	32
YBR033W	176
YBR034C	5312
YBR035C	895
YBR036C	1931
YBR037C	176
YBR038W	780
YBR039W	6031
YBR040W	17
YBR041W	936
YBR042C	604
YBR043C	675
YBR044C	418
YBR045C	124
YBR046C	295
YBR047W	45
YBR048W	10212
YBR049C	926
YBR050C	20
YBR051W	1
YBR052C	661
YBR053C	451
YBR054W	2175
YBR055C	663
YBR056C-B	0
YBR056W	562
YBR056W-A	40
YBR057C	762
YBR058C	1033
YBR058C-A	789
YBR059C	677
YBR060C	523
YBR061C	668
YBR062C	304
YBR063C	245
YBR064W	26
YBR065C	180
YBR066C	258
YBR067C	11448
YBR068C	4334
YBR069C	4728
YBR070C	321
YBR071W	1065
YBR072C-A	0
YBR072W	1451
YBR073W	1035
YBR074W	807
YBR076C-A	90
YBR076W	18
YBR077C	333
YBR078W	14920
YBR079C	6494
YBR080C	1122
YBR081C	655
YBR082C	4011
YBR083W	680
YBR084C-A	13047
YBR084W	3261
YBR085C-A	910
YBR085W	184
YBR086C	1803
YBR087W	617
YBR088C	702
YBR089C-A	722
YBR089W	278
YBR090C	123
YBR091C	189
YBR092C	3615
YBR093C	370
YBR094W	513
YBR095C	501
YBR096W	721
YBR097W	175
YBR098W	176
YBR099C	0
YBR101C	1040
YBR102C	632
YBR103C-A	0
YBR103W	429
YBR104W	618
YBR105C	5273
YBR106W	6510
YBR107C	179
YBR108W	312
YBR109C	2151
YBR109W-A	21
YBR110W	890
YBR111C	1135
YBR111W-A	254
YBR112C	817
YBR113W	41
YBR114W	872
YBR115C	0
YBR116C	10
YBR117C	171
YBR118W	27593
YBR119W	347
YBR120C	180
YBR121C	7761
YBR121C-A	0
YBR122C	771
YBR123C	350
YBR124W	13
YBR125C	725
YBR126C	2625
YBR126W-A	589
YBR126W-B	307
YBR127C	8331
YBR128C	56
YBR129C	273
YBR130C	616
YBR131C-A	0
YBR131W	267
YBR132C	151
YBR133C	615
YBR134W	7
YBR135W	429
YBR136W	361
YBR137W	489
YBR138C	144
YBR139W	494
YBR140C	966
YBR141C	478
YBR141W-A	0
YBR142W	1967
YBR143C	4996
YBR144C	7
YBR145W	531
YBR146W	970
YBR147W	20
YBR148W	31
YBR149W	2219
YBR150C	355
YBR151W	1199
YBR152W	195
YBR153W	451
YBR154C	2309
YBR155W	2350
YBR156C	333
YBR157C	369
YBR158W	6945
YBR159W	1373
YBR160W	812
YBR161W	281
YBR162C	7272
YBR162W-A	856
YBR163W	500
YBR164C	839
YBR165W	266
YBR166C	726
YBR167C	212
YBR168W	215
YBR169C	570
YBR170C	688
YBR171W	951
YBR172C	2313
YBR173C	1006
YBR174C	9
YBR175W	326
YBR176W	336
YBR177C	1712
YBR178W	3
YBR179C	429
YBR180W	53
YBR181C	10259
YBR182C	174
YBR182C-A	12
YBR183W	219
YBR184W	31
YBR185C	356
YBR186W	165
YBR187W	1909
YBR188C	315
YBR189W	20997
YBR190W	3
YBR191W	8234
YBR191W-A	0
YBR192W	595
YBR193C	333
YBR194W	148
YBR195C	567
YBR196C	21385
YBR196C-A	9
YBR196C-B	37
YBR197C	374
YBR198C	1133
YBR199W	1644
YBR200W	601
YBR200W-A	2
YBR201C-A	52
YBR201W	319
YBR202W	1070
YBR203W	123
YBR204C	356
YBR205W	1063
YBR206W	116
YBR207W	1247
YBR208C	751
YBR209W	28
YBR210W	327
YBR211C	204
YBR212W	741
YBR213W	201
YBR214W	405
YBR215W	533
YBR216C	367
YBR217W	171
YBR218C	2250
YBR219C	3
YBR220C	843
YBR221C	5062
YBR221W-A	0
YBR222C	1703
YBR223C	203
YBR223W-A	0
YBR224W	0
YBR225W	324
YBR226C	31
YBR227C	571
YBR228W	276
YBR229C	811
YBR230C	476
YBR230W-A	255
YBR231C	299
YBR232C	45
YBR233W	273
YBR233W-A	221
YBR234C	2146
YBR235W	565
YBR236C	616
YBR237W	429
YBR238C	2161
YBR239C	353
YBR240C	112
YBR241C	371
YBR242W	611
YBR243C	681
YBR244W	339
YBR245C	1067
YBR246W	862
YBR247C	2386
YBR248C	1747
YBR249C	4045
YBR250W	82
YBR251W	493
YBR252W	625
YBR253W	294
YBR254C	337
YBR255C-A	191
YBR255W	293
YBR256C	848
YBR257W	330
YBR258C	137
YBR259W	263
YBR260C	518
YBR261C	661
YBR262C	828
YBR263W	3162
YBR264C	209
YBR265W	689
YBR266C	0
YBR267W	1504
YBR268W	418
YBR269C	665
YBR270C	246
YBR271W	722
YBR272C	230
YBR273C	494
YBR274W	346
YBR275C	839
YBR276C	780
YBR277C	8
YBR278W	157
YBR279W	1261
YBR280C	188
YBR281C	743
YBR282W	344
YBR283C	3966
YBR284W	83
YBR285W	21
YBR286W	8717
YBR287W	548
YBR288C	468
YBR289W	331
YBR290W	581
YBR291C	196
YBR292C	30
YBR293W	559
YBR294W	253
YBR295W	262
YBR296C	33
YBR296C-A	0
YBR297W	83
YBR298C	124
YBR298C-A	1
YBR299W	35
YBR300C	5
YBR301W	10
YBR302C	31
YCL001W	863
YCL001W-A	13
YCL001W-B	16
YCL002C	335
YCL004W	238
YCL005W	524
YCL005W-A	403
YCL007C	145
YCL008C	417
YCL009C	4212
YCL010C	465
YCL011C	2156
YCL012C	194
YCL014W	545
YCL016C	265
YCL017C	1381
YCL018W	0
YCL019W	1
YCL020W	0
YCL021W-A	31
YCL022C	0
YCL023C	3
YCL024W	292
YCL025C	1229
YCL026C-A	34
YCL026C-B	137
YCL027W	318
YCL028W	1173
YCL029C	461
YCL030C	2053
YCL031C	1391
YCL032W	375
YCL033C	459
YCL034W	449
YCL035C	1215
YCL036W	1379
YCL037C	96
YCL038C	301
YCL039W	455
YCL040W	2918
YCL041C	18
YCL042W	25
YCL043C	7827
YCL044C	433
YCL045C	2387
YCL046W	83
YCL047C	210
YCL048W	20
YCL048W-A	24
YCL049C	560
YCL050C	2598
YCL051W	344
YCL052C	512
YCL054W	3092
YCL054W-A	0
YCL055W	794
YCL056C	200
YCL057C-A	1043
YCL057W	1691
YCL058C	128
YCL058W-A	0
YCL059C	1708
YCL061C	514
YCL063W	480
YCL064C	4423
YCL065W	1
YCL066W	0
YCL067C	0
YCL068C	0
YCL069W	1
YCL073C	0
YCL074W	0
YCL075W	0
YCL076W	0
YCR001W	57
YCR002C	1054
YCR003W	319
YCR004C	1333
YCR005C	5155
YCR006C	74
YCR007C	123
YCR008W	1107
YCR009C	1321
YCR010C	40
YCR011C	687
YCR012W	44454
YCR013C	4614
YCR014C	298
YCR015C	193
YCR016W	1140
YCR017C	1914
YCR018C	176
YCR018C-A	15
YCR019W	214
YCR020C	60
YCR020C-A	331
YCR020W-B	244
YCR021C	281
YCR022C	15
YCR023C	429
YCR024C	247
YCR024C-A	2553
YCR024C-B	1162
YCR025C	26
YCR026C	790
YCR027C	327
YCR028C	674
YCR028C-A	1655
YCR030C	655
YCR031C	14214
YCR032W	432
YCR033W	981
YCR034W	2086
YCR035C	1272
YCR036W	569
YCR037C	1013
YCR038C	108
YCR038W-A	0
YCR039C	0
YCR040W	0
YCR041W	2
YCR042C	649
YCR043C	614
YCR044C	685
YCR045C	256
YCR045W-A	0
YCR046C	740
YCR047C	1118
YCR047W-A	0
YCR048W	815
YCR049C	83
YCR050C	116
YCR051W	1119
YCR052W	1026
YCR053W	6556
YCR054C	427
YCR057C	3046
YCR059C	1210
YCR060W	334
YCR061W	241
YCR063W	83
YCR064C	12
YCR065W	798
YCR066W	249
YCR067C	1187
YCR068W	326
YCR069W	1318
YCR071C	226
YCR072C	2018
YCR073C	501
YCR073W-A	385
YCR075C	124
YCR075W-A	113
YCR076C	282
YCR077C	2080
YCR079W	440
YCR081C-A	0
YCR081W	293
YCR082W	902
YCR083W	567
YCR084C	2634
YCR085W	10
YCR086W	203
YCR087C-A	0
YCR087W	224
YCR088W	2373
YCR089W	694
YCR090C	499
YCR091W	133
YCR092C	450
YCR093W	1128
YCR094W	569
YCR095C	376
YCR095W-A	22
YCR096C	0
YCR097W	0
YCR097W-A	0
YCR098C	73
YCR099C	23
YCR100C	50
YCR101C	28
YCR102C	110
YCR102W-A	4
YCR104W	8
YCR105W	136
YCR106W	179
YCR107W	259
YCR108C	1
YDL001W	371
YDL002C	472
YDL003W	1303
YDL004W	2699
YDL005C	556
YDL006W	285
YDL007C-A	1
YDL007W	2876
YDL008W	283
YDL009C	34
YDL010W	195
YDL011C	39
YDL012C	537
YDL013W	700
YDL014W	9276
YDL015C	2545
YDL016C	76
YDL017W	302
YDL018C	301
YDL019C	649
YDL020C	756
YDL021W	129
YDL022C-A	2
YDL022W	1475
YDL023C	98
YDL024C	52
YDL025C	391
YDL025W-A	0
YDL026W	21
YDL027C	277
YDL028C	384
YDL029W	2317
YDL030W	424
YDL031W	2453
YDL032W	7
YDL033C	240
YDL034W	50
YDL035C	935
YDL036C	518
YDL037C	1879
YDL039C	7113
YDL040C	2238
YDL041W	38
YDL042C	531
YDL043C	385
YDL044C	276
YDL045C	526
YDL045W-A	426
YDL046W	1613
YDL047W	0
YDL048C	1292
YDL049C	256
YDL050C	279
YDL051W	2793
YDL052C	1601
YDL053C	709
YDL054C	405
YDL055C	21455
YDL056W	508
YDL057W	206
YDL058W	817
YDL059C	123
YDL060W	2757
YDL061C	4734
YDL062W	104
YDL063C	1598
YDL064W	637
YDL065C	679
YDL066W	2642
YDL067C	1298
YDL068W	32
YDL069C	61
YDL070W	1676
YDL071C	25
YDL072C	1246
YDL073W	791
YDL074C	925
YDL075W	11264
YDL076C	542
YDL077C	348
YDL078C	1310
YDL079C	218
YDL080C	507
YDL081C	9813
YDL082W	8771
YDL083C	11134
YDL084W	5360
YDL085C-A	366
YDL085W	39
YDL086C-A	0
YDL086W	844
YDL087C	180
YDL088C	716
YDL089W	191
YDL090C	268
YDL091C	244
YDL092W	760
YDL093W	607
YDL094C	20
YDL095W	2315
YDL096C	106
YDL097C	2866
YDL098C	149
YDL099W	799
YDL100C	2721
YDL101C	275
YDL102W	729
YDL103C	832
YDL104C	214
YDL105W	220
YDL106C	403
YDL107W	185
YDL108W	361
YDL109C	192
YDL110C	329
YDL111C	1310
YDL112W	1281
YDL113C	266
YDL114W	5
YDL114W-A	1
YDL115C	343
YDL116W	806
YDL117W	811
YDL118W	60
YDL119C	196
YDL120W	966
YDL121C	955
YDL122W	1927
YDL123W	385
YDL124W	2912
YDL125C	1470
YDL126C	6438
YDL127W	673
YDL128W	1674
YDL129W	398
YDL130W	9332
YDL130W-A	723
YDL131W	2913
YDL132W	974
YDL133C-A	4200
YDL133W	469
YDL134C	1504
YDL135C	785
YDL136W	4561
YDL137W	4097
YDL138W	658
YDL139C	137
YDL140C	3459
YDL141W	732
YDL142C	159
YDL143W	3480
YDL144C	685
YDL145C	3413
YDL146W	198
YDL147W	1789
YDL148C	2106
YDL149W	172
YDL150W	766
YDL151C	183
YDL152W	80
YDL153C	2280
YDL154W	61
YDL155W	847
YDL156W	220
YDL157C	827
YDL158C	20
YDL159C-B	0
YDL159W	371
YDL159W-A	0
YDL160C	614
YDL160C-A	182
YDL161W	689
YDL162C	3
YDL163W	15
YDL164C	697
YDL165W	551
YDL166C	782
YDL167C	1695
YDL168W	1015
YDL169C	74
YDL170W	721
YDL171C	2828
YDL172C	56
YDL173W	705
YDL174C	818
YDL175C	274
YDL176W	375
YDL177C	213
YDL178W	1030
YDL179W	501
YDL180W	440
YDL181W	983
YDL182W	2322
YDL183C	155
YDL184C	8146
YDL185C-A	5
YDL185W	7818
YDL186W	146
YDL187C	3
YDL188C	679
YDL189W	957
YDL190C	802
YDL191W	7360
YDL192W	6404
YDL193W	599
YDL194W	191
YDL195W	2404
YDL196W	11
YDL197C	304
YDL198C	636
YDL199C	99
YDL200C	167
YDL201W	1196
YDL202W	645
YDL203C	539
YDL204W	418
YDL205C	1167
YDL206W	162
YDL207W	599
YDL208W	3307
YDL209C	366
YDL210W	64
YDL211C	207
YDL212W	1618
YDL213C	1068
YDL214C	37
YDL215C	898
YDL216C	97
YDL217C	679
YDL218W	72
YDL219W	364
YDL220C	168
YDL221W	41
YDL222C	90
YDL223C	293
YDL224C	1011
YDL225W	837
YDL226C	1504
YDL227C	1714
YDL228C	812
YDL229W	15503
YDL230W	288
YDL231C	788
YDL232W	699
YDL233W	211
YDL234C	442
YDL235C	536
YDL236W	2102
YDL237W	779
YDL238C	116
YDL239C	99
YDL240C-A	0
YDL240W	465
YDL241W	87
YDL242W	20
YDL243C	173
YDL244W	76
YDL245C	56
YDL246C	4
YDL247W	1
YDL247W-A	16
YDL248W	160
YDR001C	1806
YDR002W	4636
YDR003W	301
YDR003W-A	56
YDR004W	471
YDR005C	445
YDR006C	1673
YDR007W	720
YDR008C	45
YDR009W	90
YDR010C	18
YDR011W	1123
YDR012W	10238
YDR013W	245
YDR014W	162
YDR014W-A	18
YDR015C	0
YDR016C	213
YDR017C	1209
YDR018C	83
YDR019C	696
YDR020C	432
YDR021W	687
YDR022C	167
YDR023W	6112
YDR024W	1
YDR025W	11718
YDR026C	721
YDR027C	442
YDR028C	1482
YDR029W	49
YDR030C	135
YDR031W	123
YDR032C	3441
YDR033W	13542
YDR034C	575
YDR034C-A	4
YDR034C-C	0
YDR034C-D	76
YDR034W-B	21
YDR035W	2135
YDR036C	726
YDR037W	12846
YDR038C	234
YDR039C	0
YDR040C	292
YDR041W	514
YDR042C	24
YDR043C	193
YDR044W	1798
YDR045C	595
YDR046C	3517
YDR047W	1545
YDR048C	8
YDR049W	614
YDR050C	40945
YDR051C	534
YDR052C	811
YDR053W	56
YDR054C	1216
YDR055W	2561
YDR056C	895
YDR057W	426
YDR058C	178
YDR059C	340
YDR060W	3206
YDR061W	463
YDR062W	2550
YDR063W	760
YDR064W	14798
YDR065W	185
YDR066C	163
YDR067C	324
YDR068W	774
YDR069C	229
YDR070C	93
YDR071C	1675
YDR072C	1372
YDR073W	429
YDR074W	1970
YDR075W	834
YDR076W	92
YDR077W	34732
YDR078C	103
YDR079C-A	159
YDR079W	235
YDR080W	332
YDR081C	801
YDR082W	353
YDR083W	1260
YDR084C	463
YDR085C	190
YDR086C	1846
YDR087C	1304
YDR088C	452
YDR089W	237
YDR090C	467
YDR091C	2963
YDR092W	963
YDR093W	1117
YDR094W	12
YDR095C	0
YDR096W	207
YDR097C	1166
YDR098C	941
YDR098C-A	0
YDR098C-B	95
YDR099W	3332
YDR100W	438
YDR101C	3490
YDR102C	22
YDR103W	671
YDR104C	244
YDR105C	633
YDR106W	17
YDR107C	279
YDR108W	313
YDR109C	431
YDR110W	589
YDR111C	571
YDR112W	71
YDR113C	341
YDR114C	3
YDR115W	317
YDR116C	513
YDR117C	462
YDR118W	142
YDR118W-A	5
YDR119W	1348
YDR119W-A	12
YDR120C	2596
YDR121W	481
YDR122W	575
YDR123C	306
YDR124W	116
YDR125C	108
YDR126W	204
YDR127W	2000
YDR128W	738
YDR129C	2998
YDR130C	171
YDR131C	209
YDR132C	207
YDR133C	2767
YDR135C	1686
YDR136C	2
YDR137W	493
YDR138W	530
YDR139C	667
YDR140W	312
YDR141C	691
YDR142C	387
YDR143C	976
YDR144C	1195
YDR145W	797
YDR146C	471
YDR147W	308
YDR148C	2618
YDR149C	1
YDR150W	1222
YDR151C	639
YDR152W	1694
YDR153C	1000
YDR154C	3601
YDR155C	12899
YDR156W	597
YDR157W	4
YDR158W	3262
YDR159W	585
YDR160W	434
YDR161W	1629
YDR162C	417
YDR163W	275
YDR164C	806
YDR165W	1404
YDR166C	501
YDR167W	602
YDR168W	1402
YDR169C	782
YDR169C-A	13
YDR170C	1522
YDR170W-A	236
YDR171W	235
YDR172W	4593
YDR173C	223
YDR174W	2946
YDR175C	567
YDR176W	643
YDR177W	908
YDR178W	1246
YDR179C	74
YDR179W-A	201
YDR180W	327
YDR181C	400
YDR182W	951
YDR182W-A	17
YDR183C-A	1
YDR183W	252
YDR184C	1049
YDR185C	239
YDR186C	1928
YDR187C	262
YDR188W	3247
YDR189W	1104
YDR190C	2565
YDR191W	194
YDR192C	410
YDR193W	32
YDR194C	2173
YDR194W-A	5
YDR195W	520
YDR196C	341
YDR197W	250
YDR198C	430
YDR199W	23
YDR200C	303
YDR201W	127
YDR202C	208
YDR203W	22
YDR204W	354
YDR205W	528
YDR206W	1188
YDR207C	382
YDR208W	1095
YDR209C	452
YDR210C-C	0
YDR210C-D	154
YDR210W	0
YDR210W-A	0
YDR210W-B	52
YDR211W	2351
YDR212W	2592
YDR213W	285
YDR214W	842
YDR215C	4
YDR216W	343
YDR217C	803
YDR218C	25
YDR219C	335
YDR220C	8
YDR221W	568
YDR222W	254
YDR223W	154
YDR224C	3775
YDR225W	3137
YDR226W	7185
YDR227W	588
YDR228C	527
YDR229W	535
YDR230W	50
YDR231C	95
YDR232W	3200
YDR233C	6027
YDR234W	1546
YDR235W	341
YDR236C	305
YDR237W	462
YDR238C	2395
YDR239C	464
YDR240C	331
YDR241W	74
YDR242W	276
YDR243C	389
YDR244W	418
YDR245W	1493
YDR246W	388
YDR246W-A	29
YDR247W	322
YDR248C	254
YDR249C	165
YDR250C	29
YDR251W	776
YDR252W	67
YDR253C	210
YDR254W	169
YDR255C	163
YDR256C	229
YDR257C	507
YDR258C	545
YDR259C	150
YDR260C	335
YDR261C	830
YDR261C-C	0
YDR261C-D	88
YDR261W-A	0
YDR261W-B	91
YDR262W	761
YDR263C	95
YDR264C	1661
YDR265W	335
YDR266C	836
YDR267C	579
YDR268W	300
YDR269C	13
YDR270W	285
YDR271C	8
YDR272W	760
YDR273W	91
YDR274C	73
YDR275W	304
YDR276C	2263
YDR277C	90
YDR278C	0
YDR279W	367
YDR280W	1047
YDR281C	54
YDR282C	171
YDR283C	530
YDR284C	629
YDR285W	192
YDR286C	133
YDR287W	268
YDR288W	310
YDR289C	381
YDR290W	2
YDR291W	429
YDR292C	1348
YDR293C	1681
YDR294C	1224
YDR295C	481
YDR296W	677
YDR297W	2252
YDR298C	3126
YDR299W	2428
YDR300C	1802
YDR301W	570
YDR302W	400
YDR303C	464
YDR304C	2382
YDR305C	205
YDR306C	313
YDR307W	262
YDR308C	446
YDR309C	3313
YDR310C	1050
YDR311W	505
YDR312W	750
YDR313C	288
YDR314C	102
YDR315C	69
YDR316W	351
YDR316W-A	0
YDR316W-B	0
YDR317W	98
YDR318W	223
YDR319C	236
YDR320C	558
YDR320C-A	347
YDR320W-B	0
YDR321W	1565
YDR322C-A	1185
YDR322W	747
YDR323C	168
YDR324C	2292
YDR325W	455
YDR326C	860
YDR327W	343
YDR328C	1251
YDR329C	566
YDR330W	452
YDR331W	641
YDR332W	300
YDR333C	1091
YDR334W	806
YDR335W	963
YDR336W	200
YDR337W	524
YDR338C	347
YDR339C	1044
YDR340W	4
YDR341C	3915
YDR342C	164
YDR343C	74
YDR344C	26
YDR345C	26513
YDR346C	2963
YDR347W	1016
YDR348C	1425
YDR349C	1394
YDR350C	503
YDR351W	649
YDR352W	628
YDR353W	5312
YDR354C-A	0
YDR354W	1032
YDR355C	13
YDR356W	368
YDR357C	294
YDR358W	145
YDR359C	674
YDR360W	34
YDR361C	1662
YDR362C	463
YDR363W	427
YDR363W-A	1086
YDR364C	569
YDR365C	3062
YDR365W-A	0
YDR365W-B	28
YDR366C	1
YDR367W	406
YDR368W	1324
YDR369C	152
YDR370C	620
YDR371C-A	0
YDR371W	276
YDR372C	1116
YDR373W	556
YDR374C	2
YDR374W-A	134
YDR375C	436
YDR376W	511
YDR377W	2329
YDR378C	1196
YDR379C-A	104
YDR379W	574
YDR380W	425
YDR381C-A	202
YDR381W	2684
YDR382W	8805
YDR383C	169
YDR384C	2428
YDR385W	12662
YDR386W	217
YDR387C	285
YDR388W	1948
YDR389W	910
YDR390C	890
YDR391C	366
YDR392W	371
YDR393W	338
YDR394W	2668
YDR395W	2366
YDR396W	383
YDR397C	346
YDR398W	3944
YDR399W	4071
YDR400W	544
YDR401W	5
YDR402C	27
YDR403W	87
YDR404C	819
YDR405W	714
YDR406W	285
YDR406W-A	0
YDR407C	552
YDR408C	777
YDR409W	426
YDR410C	515
YDR411C	581
YDR412W	337
YDR413C	122
YDR414C	283
YDR415C	408
YDR416W	494
YDR417C	3130
YDR418W	6974
YDR419W	359
YDR420W	972
YDR421W	290
YDR422C	686
YDR423C	357
YDR424C	300
YDR425W	207
YDR426C	13
YDR427W	937
YDR428C	384
YDR429C	3742
YDR430C	699
YDR431W	2
YDR432W	3474
YDR433W	515
YDR434W	978
YDR435C	217
YDR436W	314
YDR437W	87
YDR438W	261
YDR439W	266
YDR440W	577
YDR441C	616
YDR442W	36
YDR443C	274
YDR444W	472
YDR445C	12
YDR446W	11
YDR447C	7368
YDR448W	422
YDR449C	1249
YDR450W	12122
YDR451C	302
YDR452W	1670
YDR453C	467
YDR454C	2136
YDR455C	48
YDR456W	655
YDR457W	1397
YDR458C	588
YDR459C	334
YDR460W	347
YDR461C-A	119
YDR461W	9
YDR462W	309
YDR463W	1060
YDR464C-A	0
YDR464W	955
YDR465C	2064
YDR466W	733
YDR467C	73
YDR468C	547
YDR469W	455
YDR470C	421
YDR471W	6724
YDR472W	798
YDR473C	272
YDR475C	460
YDR476C	571
YDR477W	1032
YDR478W	146
YDR479C	533
YDR480W	240
YDR481C	1320
YDR482C	303
YDR483W	3900
YDR484W	217
YDR485C	847
YDR486C	528
YDR487C	1822
YDR488C	296
YDR489W	439
YDR490C	270
YDR491C	87
YDR492W	1125
YDR493W	253
YDR494W	598
YDR495C	346
YDR496C	3773
YDR497C	5661
YDR498C	375
YDR499W	311
YDR500C	8461
YDR501W	116
YDR502C	4961
YDR503C	234
YDR504C	33
YDR505C	580
YDR506C	241
YDR507C	1144
YDR508C	4069
YDR509W	138
YDR510C-A	11
YDR510W	1695
YDR511W	231
YDR512C	364
YDR513W	1007
YDR514C	605
YDR515W	319
YDR516C	908
YDR517W	833
YDR518W	594
YDR519W	919
YDR520C	285
YDR521W	20
YDR522C	48
YDR523C	36
YDR524C	653
YDR524C-A	0
YDR524C-B	17366
YDR524W-C	2654
YDR525W	8
YDR525W-A	224
YDR526C	68
YDR527W	1224
YDR528W	823
YDR529C	2442
YDR530C	335
YDR531W	769
YDR532C	238
YDR533C	892
YDR534C	43
YDR535C	15
YDR536W	117
YDR537C	50
YDR538W	108
YDR539W	939
YDR540C	56
YDR541C	501
YDR542W	1
YDR543C	0
YDR544C	0
YDR545C-A	0
YDR545W	0
YEL001C	1175
YEL002C	2416
YEL003W	345
YEL004W	210
YEL005C	127
YEL006W	490
YEL007W	877
YEL008C-A	0
YEL008W	16
YEL009C	11723
YEL009C-A	1
YEL010W	3
YEL011W	159
YEL012W	363
YEL013W	860
YEL014C	7
YEL015W	882
YEL016C	365
YEL017C-A	1576
YEL017W	412
YEL018C-A	10
YEL018W	168
YEL019C	73
YEL020C	365
YEL020C-B	63
YEL020W-A	128
YEL021W	0
YEL022W	874
YEL023C	166
YEL024W	1669
YEL025C	515
YEL026W	4080
YEL027W	5392
YEL028W	87
YEL029C	381
YEL030C-A	0
YEL030W	137
YEL031W	3770
YEL032C-A	0
YEL032W	1313
YEL033W	84
YEL034C-A	4799
YEL034W	0
YEL035C	2
YEL036C	1621
YEL037C	2249
YEL038W	538
YEL039C	76
YEL040W	6917
YEL041W	85
YEL042W	2904
YEL043W	1017
YEL044W	548
YEL045C	8
YEL046C	9287
YEL047C	1790
YEL048C	231
YEL049W	60
YEL050C	809
YEL050W-A	12
YEL051W	2370
YEL052W	1012
YEL053C	547
YEL053W-A	1789
YEL054C	5339
YEL055C	1649
YEL056W	576
YEL057C	49
YEL058W	1813
YEL059C-A	85
YEL059W	23
YEL060C	1568
YEL061C	407
YEL062W	232
YEL063C	1928
YEL064C	158
YEL065W	1112
YEL066W	630
YEL067C	105
YEL068C	288
YEL069C	13
YEL070W	48
YEL071W	5336
YEL072W	148
YEL073C	129
YEL074W	12
YEL075C	7
YEL075W-A	0
YEL076C	3
YEL076C-A	0
YEL077C	333
YEL077W-A	0
YER001W	1519
YER002W	1728
YER003C	2955
YER004W	1320
YER005W	735
YER006C-A	1
YER006W	3941
YER007C-A	1250
YER007W	169
YER008C	768
YER009W	2522
YER010C	439
YER011W	215
YER012W	1481
YER013W	509
YER014C-A	0
YER014W	437
YER015W	273
YER016W	666
YER017C	1288
YER018C	192
YER019C-A	1525
YER019W	577
YER020W	557
YER021W	2107
YER022W	462
YER023C-A	0
YER023W	2426
YER024W	340
YER025W	4038
YER026C	2528
YER027C	605
YER028C	279
YER029C	343
YER030W	661
YER031C	1308
YER032W	540
YER033C	221
YER034W	386
YER035W	352
YER036C	7950
YER037W	434
YER038C	186
YER038W-A	5
YER039C	37
YER039C-A	14
YER040W	353
YER041W	306
YER042W	984
YER043C	14201
YER044C	570
YER044C-A	48
YER045C	511
YER046W	107
YER046W-A	10
YER047C	450
YER048C	1310
YER048W-A	524
YER049W	2402
YER050C	526
YER051W	216
YER052C	3368
YER053C	391
YER053C-A	11
YER054C	52
YER055C	3398
YER056C	8759
YER056C-A	7875
YER057C	1703
YER058W	108
YER059W	464
YER060W	632
YER060W-A	115
YER061C	282
YER062C	3701
YER063W	914
YER064C	1650
YER065C	429
YER066C-A	47
YER066W	49
YER067C-A	48
YER067W	150
YER068C-A	37
YER068W	915
YER069W	1018
YER070W	6696
YER071C	198
YER072W	1714
YER073W	2158
YER074W	12265
YER074W-A	563
YER075C	573
YER076C	152
YER076W-A	27
YER077C	447
YER078C	452
YER078W-A	5
YER079C-A	65
YER079W	264
YER080W	1122
YER081W	719
YER082C	1788
YER083C	964
YER084W	27
YER084W-A	5
YER085C	11
YER086W	3976
YER087C-A	47
YER087C-B	1196
YER087W	169
YER088C	2540
YER088C-A	58
YER088W-B	0
YER089C	1587
YER090C-A	0
YER090W	2117
YER091C	7639
YER091C-A	2
YER092W	414
YER093C	435
YER093C-A	148
YER094C	2184
YER095W	856
YER096W	37
YER097W	2
YER098W	120
YER099C	579
YER100W	1292
YER101C	322
YER102W	8527
YER103W	588
YER104W	133
YER105C	1058
YER106W	25
YER107C	845
YER107W-A	108
YER110C	4379
YER111C	422
YER112W	704
YER113C	768
YER114C	1013
YER115C	425
YER116C	422
YER117W	10880
YER118C	922
YER119C	513
YER119C-A	16
YER120W	2653
YER121W	62
YER122C	2133
YER123W	717
YER124C	3633
YER125W	1827
YER126C	2754
YER127W	1419
YER128W	133
YER129W	1103
YER130C	995
YER131W	9965
YER132C	930
YER133W	2355
YER133W-A	153
YER134C	192
YER135C	5
YER136W	1980
YER137C	156
YER137C-A	0
YER137W-A	26
YER138C	2
YER138W-A	19
YER139C	237
YER140W	378
YER141W	726
YER142C	155
YER143W	530
YER144C	502
YER145C	5424
YER145C-A	146
YER146W	246
YER147C	378
YER147C-A	555
YER148W	1216
YER148W-A	13
YER149C	348
YER150W	591
YER151C	1554
YER152C	899
YER152W-A	26
YER153C	132
YER154W	1341
YER155C	1535
YER156C	1820
YER157W	552
YER158C	484
YER158W-A	176
YER159C	826
YER159C-A	0
YER160C	74
YER161C	801
YER162C	253
YER163C	538
YER164W	840
YER165C-A	12
YER165W	13514
YER166W	1342
YER167W	873
YER168C	673
YER169W	1443
YER170W	211
YER171W	875
YER172C	693
YER172C-A	9
YER173W	296
YER174C	878
YER175C	185
YER175W-A	23
YER176W	1063
YER177W	8590
YER178W	6173
YER179W	90
YER180C	361
YER180C-A	104
YER181C	5
YER182W	351
YER183C	339
YER184C	109
YER185W	30
YER186C	462
YER187W	67
YER188C-A	19
YER188W	150
YER189W	7
YER190C-A	0
YER190C-B	0
YER190W	4
YFL001W	587
YFL002C	1029
YFL002W-A	0
YFL002W-B	0
YFL003C	58
YFL004W	944
YFL005W	1356
YFL007W	1324
YFL008W	626
YFL009W	702
YFL010C	990
YFL010W-A	176
YFL011W	19
YFL012W	24
YFL012W-A	3
YFL013C	477
YFL013W-A	28
YFL014W	9478
YFL015C	14
YFL015W-A	0
YFL016C	695
YFL017C	282
YFL017W-A	296
YFL018C	4739
YFL019C	26
YFL020C	11
YFL021C-A	19
YFL021W	240
YFL022C	3976
YFL023W	889
YFL024C	934
YFL025C	438
YFL026W	98
YFL027C	230
YFL028C	623
YFL029C	364
YFL030W	276
YFL031C-A	84
YFL031W	1429
YFL032W	0
YFL033C	561
YFL034C-A	1882
YFL034C-B	603
YFL034W	551
YFL036W	939
YFL037W	3525
YFL038C	4419
YFL039C	16251
YFL040W	90
YFL041W	1171
YFL041W-A	14
YFL042C	507
YFL044C	543
YFL045C	5060
YFL046W	401
YFL047W	595
YFL048C	1387
YFL049W	451
YFL050C	277
YFL051C	11
YFL052W	23
YFL053W	33
YFL054C	130
YFL055W	164
YFL056C	307
YFL058W	54
YFL059W	162
YFL060C	65
YFL061W	34
YFL062W	36
YFL063W	0
YFL064C	5
YFL065C	6
YFL066C	28
YFL067W	104
YFL068W	0
YFR001W	809
YFR002W	956
YFR003C	235
YFR004W	1771
YFR005C	663
YFR006W	1301
YFR007W	249
YFR008W	108
YFR009W	2521
YFR009W-A	0
YFR010W	1328
YFR010W-A	100
YFR011C	803
YFR012W	76
YFR012W-A	24
YFR013W	753
YFR014C	301
YFR015C	105
YFR016C	874
YFR017C	36
YFR018C	908
YFR019W	460
YFR020W	143
YFR021W	395
YFR022W	267
YFR023W	14
YFR024C-A	1220
YFR025C	634
YFR026C	51
YFR027W	137
YFR028C	984
YFR029W	348
YFR030W	722
YFR031C	641
YFR031C-A	16396
YFR032C	101
YFR032C-A	3170
YFR032C-B	181
YFR033C	1923
YFR034C	613
YFR034W-A	3
YFR035C	443
YFR036W	254
YFR036W-A	26
YFR037C	1298
YFR038W	577
YFR039C	475
YFR040W	1717
YFR041C	451
YFR042W	157
YFR043C	233
YFR044C	2928
YFR045W	116
YFR046C	204
YFR047C	1158
YFR048W	556
YFR049W	472
YFR050C	1248
YFR051C	2189
YFR052C-A	472
YFR052W	1368
YFR053C	14954
YFR054C	9
YFR055W	301
YFR056C	12
YFR057W	0
YGL001C	1274
YGL002W	461
YGL003C	542
YGL004C	297
YGL005C	346
YGL006W	665
YGL006W-A	9
YGL007C-A	5
YGL007W	32
YGL008C	55174
YGL009C	1305
YGL010W	109
YGL011C	2581
YGL012W	4531
YGL013C	782
YGL014C-A	0
YGL014W	1731
YGL015C	22
YGL016W	519
YGL017W	337
YGL018C	260
YGL019W	1201
YGL020C	902
YGL021W	446
YGL022W	3254
YGL023C	1152
YGL024W	3
YGL025C	268
YGL026C	3151
YGL027C	1013
YGL028C	7538
YGL029W	732
YGL030W	13981
YGL031C	12216
YGL032C	10
YGL033W	3
YGL034C	16
YGL035C	913
YGL036W	456
YGL037C	1922
YGL038C	818
YGL039W	672
YGL040C	1449
YGL041C	0
YGL041C-B	0
YGL041W-A	264
YGL042C	142
YGL043W	682
YGL044C	452
YGL045W	327
YGL047W	181
YGL048C	2015
YGL049C	922
YGL050W	462
YGL051W	117
YGL052W	48
YGL053W	293
YGL054C	1217
YGL055W	4653
YGL056C	2315
YGL057C	192
YGL058W	1085
YGL059W	145
YGL060W	355
YGL061C	255
YGL062W	2759
YGL063C-A	0
YGL063W	256
YGL064C	425
YGL065C	490
YGL066W	429
YGL067W	569
YGL068W	514
YGL069C	238
YGL070C	542
YGL071W	851
YGL072C	26
YGL073W	874
YGL074C	34
YGL075C	196
YGL076C	16451
YGL077C	2046
YGL078C	3882
YGL079W	314
YGL080W	522
YGL081W	51
YGL082W	545
YGL083W	442
YGL084C	829
YGL085W	224
YGL086W	472
YGL087C	425
YGL088W	0
YGL089C	1024
YGL090W	318
YGL091C	398
YGL092W	1579
YGL093W	384
YGL094C	741
YGL095C	564
YGL096W	119
YGL097W	1756
YGL098W	282
YGL099W	1576
YGL100W	883
YGL101W	262
YGL102C	1865
YGL103W	4331
YGL104C	179
YGL105W	5890
YGL106W	1977
YGL107C	754
YGL108C	192
YGL109W	81
YGL110C	556
YGL111W	1445
YGL112C	848
YGL113W	382
YGL114W	727
YGL115W	994
YGL116W	638
YGL117W	180
YGL118C	0
YGL119W	464
YGL120C	4671
YGL121C	169
YGL122C	2106
YGL123C-A	0
YGL123W	29604
YGL124C	360
YGL125W	328
YGL126W	599
YGL127C	372
YGL128C	215
YGL129C	741
YGL130W	612
YGL131C	200
YGL132W	19
YGL133W	616
YGL134W	498
YGL135W	14731
YGL136C	339
YGL137W	2826
YGL138C	3
YGL139W	857
YGL140C	816
YGL141W	317
YGL142C	380
YGL143C	315
YGL144C	485
YGL145W	565
YGL146C	83
YGL147C	11764
YGL148W	4802
YGL149W	10
YGL150C	1166
YGL151W	570
YGL152C	16
YGL153W	132
YGL154C	174
YGL155W	616
YGL156W	423
YGL157W	1712
YGL158W	60
YGL159W	319
YGL160W	676
YGL161C	827
YGL162W	247
YGL163C	571
YGL164C	363
YGL165C	31
YGL166W	106
YGL167C	1321
YGL168W	88
YGL169W	1007
YGL170C	36
YGL171W	1494
YGL172W	850
YGL173C	2566
YGL174W	148
YGL175C	64
YGL176C	368
YGL177W	3
YGL178W	737
YGL179C	205
YGL180W	154
YGL181W	596
YGL182C	2
YGL183C	7
YGL184C	239
YGL185C	250
YGL186C	979
YGL187C	1709
YGL188C	183
YGL188C-A	217
YGL189C	15087
YGL190C	908
YGL191W	1558
YGL192W	0
YGL193C	0
YGL194C	245
YGL194C-A	96
YGL195W	2908
YGL196W	334
YGL197W	686
YGL198W	309
YGL199C	25
YGL200C	2840
YGL201C	796
YGL202W	3627
YGL203C	1090
YGL204C	108
YGL205W	91
YGL206C	1837
YGL207W	2327
YGL208W	209
YGL209W	1831
YGL210W	610
YGL211W	956
YGL212W	150
YGL213C	493
YGL214W	36
YGL215W	3581
YGL216W	323
YGL217C	22
YGL218W	35
YGL219C	499
YGL220W	606
YGL221C	1061
YGL222C	116
YGL223C	460
YGL224C	382
YGL225W	2741
YGL226C-A	598
YGL226W	213
YGL227W	320
YGL228W	1103
YGL229C	215
YGL230C	19
YGL231C	851
YGL232W	479
YGL233W	429
YGL234W	6232
YGL235W	18
YGL236C	506
YGL237C	196
YGL238W	1379
YGL239C	26
YGL240W	71
YGL241W	494
YGL242C	854
YGL243W	341
YGL244W	1272
YGL245W	5235
YGL246C	964
YGL247W	170
YGL248W	412
YGL249W	10
YGL250W	96
YGL251C	155
YGL252C	1082
YGL253W	17568
YGL254W	366
YGL255W	1693
YGL256W	966
YGL257C	708
YGL258W	37
YGL258W-A	11
YGL259W	19
YGL260W	1
YGL261C	0
YGL262W	9
YGL263W	58
YGR001C	745
YGR002C	447
YGR003W	413
YGR004W	242
YGR005C	645
YGR006W	133
YGR007W	1053
YGR008C	1404
YGR009C	828
YGR010W	326
YGR011W	69
YGR012W	562
YGR013W	408
YGR014W	2380
YGR015C	236
YGR016W	62
YGR017W	1053
YGR018C	128
YGR019W	1219
YGR020C	2263
YGR021W	208
YGR022C	12
YGR023W	193
YGR024C	568
YGR025W	4
YGR026W	1383
YGR027C	9971
YGR027W-A	0
YGR027W-B	115
YGR028W	375
YGR029W	409
YGR030C	252
YGR031C-A	0
YGR031W	427
YGR032W	1757
YGR033C	1201
YGR034W	9523
YGR035C	205
YGR035W-A	115
YGR036C	388
YGR037C	2812
YGR038C-A	0
YGR038C-B	12
YGR038W	440
YGR039W	30
YGR040W	434
YGR041W	887
YGR042W	381
YGR043C	662
YGR044C	799
YGR045C	5
YGR046W	604
YGR047C	470
YGR048W	597
YGR049W	245
YGR050C	40
YGR051C	66
YGR052W	237
YGR053C	49
YGR054W	4021
YGR055W	7807
YGR056W	812
YGR057C	345
YGR058W	406
YGR059W	19
YGR060W	8053
YGR061C	3859
YGR062C	271
YGR063C	429
YGR064W	158
YGR065C	779
YGR066C	50
YGR067C	96
YGR068C	456
YGR068W-A	0
YGR069W	4
YGR070W	125
YGR071C	261
YGR072W	502
YGR073C	47
YGR074W	153
YGR075C	166
YGR076C	383
YGR077C	682
YGR078C	878
YGR079W	2117
YGR080W	660
YGR081C	805
YGR082W	1394
YGR083C	1692
YGR084C	729
YGR085C	7805
YGR086C	4728
YGR087C	59
YGR088W	448
YGR089W	678
YGR090W	2545
YGR091W	366
YGR092W	468
YGR093W	716
YGR094W	8207
YGR095C	861
YGR096W	224
YGR097W	1488
YGR098C	292
YGR099W	304
YGR100W	644
YGR101W	229
YGR102C	418
YGR103W	4743
YGR104C	284
YGR105W	528
YGR106C	2402
YGR107W	33
YGR108W	949
YGR109C	147
YGR109W-A	0
YGR109W-B	381
YGR110W	163
YGR111W	428
YGR112W	246
YGR113W	393
YGR114C	18
YGR115C	0
YGR116W	1712
YGR117C	596
YGR118W	10347
YGR119C	1420
YGR120C	307
YGR121C	508
YGR121W-A	16
YGR122C-A	38
YGR122W	370
YGR123C	1412
YGR124W	5975
YGR125W	533
YGR126W	71
YGR127W	192
YGR128C	1847
YGR129W	232
YGR130C	558
YGR131W	20
YGR132C	1697
YGR133W	312
YGR134W	359
YGR135W	2249
YGR136W	640
YGR137W	156
YGR138C	2095
YGR139W	47
YGR140W	483
YGR141W	366
YGR142W	139
YGR143W	725
YGR144W	135
YGR145W	1982
YGR146C	398
YGR146C-A	8
YGR147C	743
YGR148C	9730
YGR149W	298
YGR150C	777
YGR151C	59
YGR152C	877
YGR153W	83
YGR154C	190
YGR155W	12165
YGR156W	354
YGR157W	2105
YGR158C	970
YGR159C	11219
YGR160W	1171
YGR161C	280
YGR161C-C	0
YGR161C-D	75
YGR161W-A	0
YGR161W-B	0
YGR161W-C	95
YGR162W	5157
YGR163W	445
YGR164W	14
YGR165W	659
YGR166W	556
YGR167W	2294
YGR168C	139
YGR169C	279
YGR169C-A	662
YGR170W	775
YGR171C	340
YGR172C	672
YGR173W	1205
YGR174C	173
YGR174W-A	6
YGR175C	6181
YGR176W	55
YGR177C	322
YGR178C	1853
YGR179C	225
YGR180C	4028
YGR181W	318
YGR182C	427
YGR183C	998
YGR184C	1311
YGR185C	3368
YGR186W	1317
YGR187C	1471
YGR188C	218
YGR189C	6625
YGR190C	246
YGR191W	2390
YGR192C	216919
YGR193C	765
YGR194C	192
YGR195W	822
YGR196C	541
YGR197C	291
YGR198W	1234
YGR199W	609
YGR200C	1901
YGR201C	223
YGR202C	958
YGR203W	426
YGR204C-A	0
YGR204W	6018
YGR205W	248
YGR206W	181
YGR207C	1028
YGR208W	1093
YGR209C	2941
YGR210C	1191
YGR211W	2951
YGR212W	165
YGR213C	71
YGR214W	14833
YGR215W	367
YGR216C	408
YGR217W	493
YGR218W	1620
YGR219W	88
YGR220C	635
YGR221C	363
YGR222W	359
YGR223C	290
YGR224W	190
YGR225W	38
YGR226C	0
YGR227W	556
YGR228W	182
YGR229C	2594
YGR230W	97
YGR231C	1717
YGR232W	566
YGR233C	470
YGR234W	6710
YGR235C	841
YGR236C	4
YGR237C	400
YGR238C	238
YGR239C	409
YGR240C	11636
YGR240C-A	80
YGR241C	555
YGR242W	16
YGR243W	97
YGR244C	2550
YGR245C	2784
YGR246C	582
YGR247W	157
YGR248W	174
YGR249W	32
YGR250C	814
YGR251W	515
YGR252W	554
YGR253C	2119
YGR254W	20877
YGR255C	1026
YGR256W	163
YGR257C	761
YGR258C	615
YGR259C	31
YGR260W	2037
YGR261C	950
YGR262C	636
YGR263C	204
YGR264C	4875
YGR265W	120
YGR266W	528
YGR267C	1266
YGR268C	197
YGR269W	25
YGR270C-A	0
YGR270W	1111
YGR271C-A	803
YGR271W	622
YGR273C	2
YGR274C	704
YGR275W	492
YGR276C	690
YGR277C	379
YGR278W	204
YGR279C	7441
YGR280C	2032
YGR281W	680
YGR282C	11128
YGR283C	732
YGR284C	1350
YGR285C	8189
YGR286C	580
YGR287C	107
YGR288W	114
YGR289C	62
YGR290W	0
YGR291C	0
YGR292W	36
YGR293C	17
YGR294W	11
YGR295C	1084
YGR296C-A	0
YGR296C-B	0
YGR296W	2
YHL001W	5198
YHL002C-A	31
YHL002W	565
YHL003C	1555
YHL004W	1339
YHL005C	1
YHL006C	91
YHL006W-A	93
YHL007C	2062
YHL008C	620
YHL009C	350
YHL009W-A	0
YHL009W-B	11
YHL010C	208
YHL011C	3098
YHL012W	176
YHL013C	865
YHL014C	287
YHL015W	21849
YHL015W-A	16
YHL016C	124
YHL017W	595
YHL018W	27
YHL019C	204
YHL019W-A	22
YHL020C	845
YHL021C	442
YHL022C	40
YHL023C	611
YHL024W	176
YHL025W	776
YHL026C	496
YHL027W	969
YHL028W	140
YHL029C	1131
YHL030W	577
YHL030W-A	58
YHL031C	176
YHL032C	560
YHL033C	8411
YHL034C	2871
YHL034W-A	517
YHL035C	550
YHL036W	751
YHL037C	1
YHL038C	325
YHL039W	977
YHL040C	1589
YHL041W	1
YHL042W	63
YHL043W	93
YHL044W	121
YHL045W	8
YHL046C	5
YHL046W-A	35
YHL047C	489
YHL048C-A	1
YHL048W	660
YHL049C	9
YHL050C	292
YHL050W-A	0
YHR001W	563
YHR001W-A	850
YHR002W	140
YHR003C	880
YHR004C	280
YHR005C	1126
YHR005C-A	2251
YHR006W	623
YHR007C	9891
YHR007C-A	18
YHR008C	3000
YHR009C	1248
YHR010W	9659
YHR011W	170
YHR012W	588
YHR013C	959
YHR014W	30
YHR015W	52
YHR016C	635
YHR017W	277
YHR018C	1020
YHR019C	7487
YHR020W	5835
YHR021C	8690
YHR021W-A	28
YHR022C	128
YHR022C-A	16
YHR023W	696
YHR024C	986
YHR025W	3306
YHR026W	2377
YHR027C	3404
YHR028C	1258
YHR028W-A	2
YHR029C	295
YHR030C	909
YHR031C	442
YHR032C-A	12
YHR032W	1103
YHR032W-A	54
YHR033W	265
YHR034C	307
YHR035W	90
YHR036W	449
YHR037W	952
YHR038W	198
YHR039C	1778
YHR039C-A	1907
YHR040W	717
YHR041C	538
YHR042W	4093
YHR043C	664
YHR044C	138
YHR045W	855
YHR046C	1001
YHR047C	870
YHR048W	305
YHR049C-A	5
YHR049W	1965
YHR050W	554
YHR050W-A	9
YHR051W	1471
YHR052W	2866
YHR052W-A	0
YHR053C	0
YHR054C	18
YHR054W-A	0
YHR055C	0
YHR056C	342
YHR056W-A	25
YHR057C	899
YHR058C	411
YHR059W	291
YHR060W	304
YHR061C	385
YHR062C	580
YHR063C	832
YHR063W-A	389
YHR064C	6809
YHR065C	1321
YHR066W	2385
YHR067W	229
YHR068W	3370
YHR069C	1599
YHR069C-A	31
YHR070C-A	288
YHR070W	1123
YHR071C-A	48
YHR071W	2674
YHR072W	1305
YHR072W-A	2363
YHR073C-B	0
YHR073W	1282
YHR073W-A	0
YHR074W	1296
YHR075C	129
YHR076W	680
YHR077C	1189
YHR078W	413
YHR079C	715
YHR079C-A	3
YHR080C	564
YHR081W	874
YHR082C	872
YHR083W	741
YHR084W	1250
YHR085W	738
YHR086W	529
YHR086W-A	4
YHR087W	269
YHR088W	1502
YHR089C	3583
YHR090C	465
YHR091C	461
YHR092C	1136
YHR093W	29
YHR094C	7127
YHR095W	15
YHR096C	81
YHR097C	323
YHR098C	1955
YHR099W	951
YHR100C	420
YHR101C	254
YHR102W	543
YHR103W	1023
YHR104W	1613
YHR105W	83
YHR106W	334
YHR107C	1128
YHR108W	1560
YHR109W	186
YHR110W	827
YHR111W	614
YHR112C	620
YHR113W	609
YHR114W	722
YHR115C	634
YHR116W	193
YHR117W	962
YHR118C	281
YHR119W	669
YHR120W	431
YHR121W	647
YHR122W	517
YHR123W	907
YHR124W	172
YHR125W	5
YHR126C	8
YHR127W	319
YHR128W	2522
YHR129C	372
YHR130C	11
YHR131C	589
YHR131W-A	31
YHR132C	1630
YHR132W-A	575
YHR133C	1176
YHR134W	335
YHR135C	1160
YHR136C	28
YHR137C-A	0
YHR137W	290
YHR138C	289
YHR139C	19
YHR139C-A	3
YHR140W	31
YHR141C	8736
YHR142W	1095
YHR143W	7954
YHR143W-A	1129
YHR144C	442
YHR145C	2
YHR146W	1829
YHR147C	510
YHR148W	652
YHR149C	1249
YHR150W	308
YHR151C	494
YHR152W	378
YHR153C	62
YHR154W	768
YHR155W	473
YHR156C	119
YHR157W	62
YHR158C	831
YHR159W	227
YHR160C	40
YHR161C	555
YHR162W	3949
YHR163W	1367
YHR164C	359
YHR165C	894
YHR165W-A	8
YHR166C	247
YHR167W	238
YHR168W	289
YHR169W	1548
YHR170W	3843
YHR171W	78
YHR172W	238
YHR173C	24
YHR174W	100871
YHR175W	607
YHR175W-A	13
YHR176W	215
YHR177W	108
YHR178W	197
YHR179W	15462
YHR180C-B	0
YHR180W	92
YHR180W-A	0
YHR181W	593
YHR182C-A	488
YHR182W	362
YHR183W	4822
YHR184W	126
YHR185C	2
YHR186C	577
YHR187W	667
YHR188C	1556
YHR189W	83
YHR190W	2038
YHR191C	189
YHR192W	390
YHR193C	6204
YHR193C-A	11
YHR194W	191
YHR195W	528
YHR196W	2060
YHR197W	1278
YHR198C	308
YHR199C	911
YHR199C-A	102
YHR200W	1605
YHR201C	1083
YHR202W	221
YHR203C	16426
YHR204W	1188
YHR205W	1398
YHR206W	1426
YHR207C	426
YHR208W	2790
YHR209W	237
YHR210C	105
YHR211W	276
YHR212C	0
YHR212W-A	0
YHR213W	2
YHR213W-A	0
YHR213W-B	9
YHR214C-B	241
YHR214C-C	0
YHR214C-D	0
YHR214C-E	4
YHR214W	29
YHR214W-A	65
YHR215W	144
YHR216W	2174
YHR217C	0
YHR218W	0
YHR218W-A	0
YHR219C-A	0
YHR219W	6
YIL001W	203
YIL002C	515
YIL002W-A	648
YIL003W	486
YIL004C	335
YIL005W	651
YIL006W	164
YIL007C	189
YIL008W	705
YIL009C-A	215
YIL009W	1361
YIL010W	676
YIL011W	162
YIL012W	6
YIL013C	235
YIL014C-A	277
YIL014W	551
YIL015W	71
YIL016W	395
YIL017C	218
YIL018W	25286
YIL019W	1161
YIL020C	475
YIL020C-A	92
YIL021C-A	0
YIL021W	1269
YIL022W	1837
YIL023C	598
YIL024C	84
YIL025C	3
YIL026C	676
YIL027C	393
YIL028W	24
YIL029C	57
YIL029W-A	50
YIL030C	1561
YIL030W-A	18
YIL031W	405
YIL032C	10
YIL033C	1480
YIL034C	1279
YIL035C	1534
YIL036W	598
YIL037C	86
YIL038C	1269
YIL039W	1365
YIL040W	412
YIL041W	2973
YIL042C	469
YIL043C	2874
YIL044C	721
YIL045W	103
YIL046W	902
YIL046W-A	9
YIL047C	2511
YIL047C-A	195
YIL048W	733
YIL049W	248
YIL050W	571
YIL051C	4896
YIL052C	8616
YIL053W	27140
YIL054W	10
YIL055C	156
YIL056W	799
YIL057C	6
YIL058W	55
YIL059C	29
YIL060W	46
YIL061C	270
YIL062C	970
YIL063C	577
YIL064W	970
YIL065C	360
YIL066C	133
YIL066W-A	25
YIL067C	438
YIL068C	608
YIL068W-A	17
YIL069C	8397
YIL070C	634
YIL071C	107
YIL071W-A	41
YIL072W	72
YIL073C	209
YIL074C	1710
YIL075C	2997
YIL076W	1461
YIL077C	238
YIL078W	7710
YIL079C	1017
YIL082W	0
YIL082W-A	529
YIL083C	741
YIL084C	229
YIL085C	993
YIL086C	6
YIL087C	182
YIL088C	909
YIL089W	125
YIL090W	1105
YIL091C	1885
YIL092W	234
YIL093C	435
YIL094C	2368
YIL095W	459
YIL096C	564
YIL097W	130
YIL098C	205
YIL099W	30
YIL100C-A	5
YIL100W	1
YIL101C	138
YIL102C	7
YIL102C-A	117
YIL103W	874
YIL104C	575
YIL105C	362
YIL105W-A	0
YIL106W	461
YIL107C	374
YIL108W	672
YIL109C	2818
YIL110W	592
YIL111W	494
YIL112W	780
YIL113W	28
YIL114C	480
YIL115C	1428
YIL115W-A	45
YIL116W	745
YIL117C	581
YIL118W	1250
YIL119C	147
YIL120W	175
YIL121W	1210
YIL122W	204
YIL123W	3737
YIL124W	691
YIL125W	1951
YIL126W	1390
YIL127C	866
YIL128W	586
YIL129C	696
YIL130W	1363
YIL131C	451
YIL132C	131
YIL133C	10407
YIL134C-A	8
YIL134W	327
YIL135C	748
YIL136W	610
YIL137C	992
YIL138C	916
YIL139C	237
YIL140W	1039
YIL141W	16
YIL142C-A	96
YIL142W	2708
YIL143C	1119
YIL144W	384
YIL145C	1204
YIL146C	263
YIL147C	816
YIL148W	13448
YIL149C	1058
YIL150C	162
YIL151C	766
YIL152W	229
YIL153W	736
YIL154C	532
YIL155C	511
YIL156W	391
YIL156W-A	29
YIL156W-B	204
YIL157C	393
YIL158W	579
YIL159W	314
YIL160C	128
YIL161W	234
YIL162W	834
YIL163C	38
YIL164C	102
YIL165C	76
YIL166C	110
YIL169C	517
YIL170W	66
YIL171W	17
YIL171W-A	0
YIL172C	0
YIL173W	32
YIL174W	0
YIL175W	0
YIL176C	0
YIL177C	0
YIL177W-A	0
YIR001C	541
YIR002C	636
YIR003W	707
YIR004W	950
YIR005W	89
YIR006C	2061
YIR007W	285
YIR008C	523
YIR009W	223
YIR010W	444
YIR011C	1468
YIR012W	3173
YIR013C	5
YIR014W	23
YIR015W	185
YIR016W	332
YIR017C	33
YIR017W-A	0
YIR018C-A	68
YIR018W	216
YIR019C	133
YIR020C	0
YIR020C-B	23
YIR020W-A	0
YIR021W	223
YIR021W-A	1
YIR022W	692
YIR023C-A	24
YIR023W	552
YIR024C	223
YIR025W	198
YIR026C	1520
YIR027C	94
YIR028W	105
YIR029W	133
YIR030C	54
YIR030W-A	13
YIR031C	239
YIR032C	48
YIR033W	851
YIR034C	576
YIR035C	1300
YIR036C	359
YIR036W-A	37
YIR037W	1562
YIR038C	1426
YIR039C	189
YIR040C	0
YIR041W	5
YIR042C	34
YJL001W	1852
YJL002C	2712
YJL003W	156
YJL004C	480
YJL005W	495
YJL006C	238
YJL007C	9
YJL008C	2540
YJL009W	130
YJL010C	1116
YJL011C	399
YJL012C	1574
YJL013C	545
YJL014W	3125
YJL015C	23
YJL016W	501
YJL019W	373
YJL020C	1008
YJL020W-A	0
YJL022W	10
YJL023C	184
YJL024C	431
YJL025W	432
YJL026C-A	0
YJL026W	2576
YJL027C	1
YJL028W	2
YJL029C	629
YJL030W	250
YJL031C	353
YJL032W	36
YJL033W	2775
YJL034W	3605
YJL035C	199
YJL036W	382
YJL037W	68
YJL038C	114
YJL039C	881
YJL041W	1610
YJL042W	1039
YJL043W	45
YJL044C	1024
YJL045W	76
YJL046W	296
YJL047C	313
YJL047C-A	9
YJL048C	271
YJL049W	290
YJL050W	2703
YJL051W	349
YJL052C-A	0
YJL052W	15558
YJL053W	421
YJL054W	986
YJL055W	1096
YJL056C	394
YJL057C	224
YJL058C	202
YJL059W	151
YJL060W	863
YJL061W	820
YJL062W	650
YJL062W-A	493
YJL063C	639
YJL064W	55
YJL065C	236
YJL066C	208
YJL067W	82
YJL068C	952
YJL069C	1904
YJL070C	175
YJL071W	349
YJL072C	215
YJL073W	539
YJL074C	607
YJL075C	38
YJL076W	1581
YJL077C	181
YJL077W-A	0
YJL077W-B	40
YJL078C	3014
YJL079C	3231
YJL080C	3657
YJL081C	928
YJL082W	734
YJL083W	296
YJL084C	785
YJL085W	373
YJL086C	1
YJL087C	456
YJL088W	322
YJL089W	18
YJL090C	341
YJL091C	328
YJL092W	464
YJL093C	599
YJL094C	382
YJL095W	489
YJL096W	430
YJL097W	873
YJL098W	1466
YJL099W	334
YJL100W	333
YJL101C	1056
YJL102W	234
YJL103C	185
YJL104W	608
YJL105W	77
YJL106W	31
YJL107C	127
YJL108C	201
YJL109C	3057
YJL110C	786
YJL111W	3099
YJL112W	558
YJL113W	47
YJL114W	1
YJL115W	1082
YJL116C	2076
YJL117W	1448
YJL118W	190
YJL119C	9
YJL120W	9
YJL121C	1222
YJL122W	1880
YJL123C	1834
YJL124C	1252
YJL125C	1143
YJL126W	230
YJL127C	419
YJL127C-B	646
YJL127W-A	37
YJL128C	1080
YJL129C	976
YJL130C	4336
YJL131C	225
YJL132W	137
YJL133C-A	964
YJL133W	955
YJL134W	740
YJL135W	1
YJL136C	7391
YJL136W-A	0
YJL137C	169
YJL138C	8496
YJL139C	315
YJL140W	1051
YJL141C	297
YJL142C	17
YJL143W	2027
YJL144W	21
YJL145W	1072
YJL146W	360
YJL147C	213
YJL148W	2248
YJL149W	367
YJL150W	1
YJL151C	1431
YJL152W	146
YJL153C	208
YJL154C	807
YJL155C	239
YJL156C	507
YJL156W-A	49
YJL157C	1314
YJL158C	10046
YJL159W	33144
YJL160C	101
YJL161W	124
YJL162C	322
YJL163C	58
YJL164C	167
YJL165C	851
YJL166W	1155
YJL167W	3357
YJL168C	631
YJL169W	31
YJL170C	14
YJL171C	785
YJL172W	996
YJL173C	467
YJL174W	2950
YJL175W	27
YJL176C	684
YJL177W	8441
YJL178C	1327
YJL179W	398
YJL180C	459
YJL181W	275
YJL182C	1
YJL183W	1156
YJL184W	462
YJL185C	179
YJL186W	1243
YJL187C	634
YJL188C	2581
YJL189W	2425
YJL190C	11300
YJL191W	3753
YJL192C	1361
YJL193W	339
YJL194W	260
YJL195C	30
YJL196C	1342
YJL197C-A	0
YJL197W	861
YJL198W	1309
YJL199C	48
YJL200C	1372
YJL201W	438
YJL202C	31
YJL203W	227
YJL204C	234
YJL205C	181
YJL206C	310
YJL207C	699
YJL208C	1215
YJL209W	657
YJL210W	422
YJL211C	88
YJL212C	1401
YJL213W	120
YJL214W	66
YJL215C	12
YJL216C	103
YJL217W	761
YJL218W	93
YJL219W	46
YJL220W	0
YJL221C	0
YJL222W	52
YJL222W-A	0
YJL222W-B	0
YJL223C	0
YJL225C	49
YJL225W-A	0
YJR001W	1009
YJR002W	2550
YJR003C	453
YJR004C	3089
YJR005C-A	1
YJR005W	955
YJR006W	545
YJR007W	3274
YJR008W	246
YJR009C	61136
YJR010C-A	317
YJR010W	604
YJR011C	125
YJR012C	184
YJR013W	330
YJR014W	1871
YJR015W	960
YJR016C	3739
YJR017C	801
YJR018W	59
YJR019C	349
YJR020W	25
YJR021C	204
YJR022W	21
YJR023C	6
YJR024C	639
YJR025C	796
YJR026W	0
YJR027W	209
YJR028W	0
YJR029W	6
YJR030C	475
YJR031C	425
YJR032W	557
YJR033C	393
YJR034W	173
YJR035W	337
YJR036C	64
YJR037W	6
YJR038C	3
YJR039W	108
YJR040W	743
YJR041C	911
YJR042W	1074
YJR043C	476
YJR044C	635
YJR045C	7284
YJR046W	614
YJR047C	193
YJR048W	748
YJR049C	565
YJR050W	258
YJR051W	1014
YJR052W	361
YJR053W	121
YJR054W	710
YJR055W	173
YJR056C	407
YJR057W	457
YJR058C	326
YJR059W	589
YJR060W	581
YJR061W	361
YJR062C	492
YJR063W	1146
YJR064W	2527
YJR065C	2863
YJR066W	624
YJR067C	281
YJR068W	878
YJR069C	719
YJR070C	3960
YJR071W	269
YJR072C	1447
YJR073C	5292
YJR074W	667
YJR075W	1427
YJR076C	1260
YJR077C	6746
YJR078W	181
YJR079W	2
YJR080C	900
YJR082C	466
YJR083C	233
YJR084W	375
YJR085C	1574
YJR086W	189
YJR087W	65
YJR088C	832
YJR089W	565
YJR090C	558
YJR091C	661
YJR092W	621
YJR093C	498
YJR094C	98
YJR094W-A	5337
YJR095W	37
YJR096W	325
YJR097W	355
YJR098C	122
YJR099W	347
YJR100C	404
YJR101W	665
YJR102C	202
YJR103W	1062
YJR104C	13664
YJR105W	5461
YJR106W	227
YJR107W	225
YJR108W	59
YJR109C	1056
YJR110W	345
YJR111C	569
YJR112W	258
YJR112W-A	231
YJR113C	510
YJR114W	116
YJR115W	40
YJR116W	277
YJR117W	1379
YJR118C	415
YJR119C	281
YJR120W	111
YJR121W	18074
YJR122W	282
YJR123W	33815
YJR124C	922
YJR125C	918
YJR126C	1127
YJR127C	681
YJR128W	4
YJR129C	167
YJR130C	498
YJR131W	362
YJR132W	908
YJR133W	523
YJR134C	739
YJR135C	139
YJR135W-A	447
YJR136C	302
YJR137C	613
YJR138W	388
YJR139C	4080
YJR140C	576
YJR140W-A	0
YJR141W	384
YJR142W	530
YJR143C	2865
YJR144W	1114
YJR145C	17080
YJR146W	52
YJR147W	914
YJR148W	2389
YJR149W	141
YJR150C	47
YJR151C	174
YJR151W-A	4
YJR152W	168
YJR153W	136
YJR154W	90
YJR155W	173
YJR156C	126
YJR157W	1
YJR158W	0
YJR159W	11
YJR160C	22
YJR161C	172
YJR162C	0
YKL001C	383
YKL002W	836
YKL003C	360
YKL004W	2389
YKL005C	570
YKL006C-A	231
YKL006W	9792
YKL007W	1383
YKL008C	1193
YKL009W	3788
YKL010C	1069
YKL011C	169
YKL012W	559
YKL013C	998
YKL014C	1209
YKL015W	480
YKL016C	3069
YKL017C	241
YKL018C-A	351
YKL018W	528
YKL019W	837
YKL020C	773
YKL021C	1255
YKL022C	609
YKL023C-A	220
YKL023W	305
YKL024C	1364
YKL025C	675
YKL026C	123
YKL027W	964
YKL028W	1342
YKL029C	3359
YKL030W	188
YKL031W	10
YKL032C	1349
YKL033W	436
YKL033W-A	819
YKL034W	480
YKL035W	2079
YKL036C	5
YKL037W	22
YKL038W	381
YKL039W	1536
YKL040C	813
YKL041W	467
YKL042W	435
YKL043W	769
YKL044W	86
YKL045W	744
YKL046C	2012
YKL047W	445
YKL048C	551
YKL049C	320
YKL050C	135
YKL051W	1024
YKL052C	501
YKL053C-A	433
YKL053W	21
YKL054C	1156
YKL055C	93
YKL056C	13340
YKL057C	751
YKL058W	881
YKL059C	614
YKL060C	140463
YKL061W	267
YKL062W	847
YKL063C	523
YKL064W	794
YKL065C	1306
YKL065W-A	13
YKL066W	79
YKL067W	2291
YKL068W	1557
YKL068W-A	1489
YKL069W	438
YKL070W	173
YKL071W	130
YKL072W	500
YKL073W	810
YKL074C	479
YKL075C	420
YKL076C	55
YKL077W	2235
YKL078W	955
YKL079W	577
YKL080W	2863
YKL081W	16819
YKL082C	1622
YKL083W	118
YKL084W	305
YKL085W	5264
YKL086W	24
YKL087C	437
YKL088W	721
YKL089W	267
YKL090W	217
YKL091C	264
YKL092C	336
YKL093W	256
YKL094W	985
YKL095W	155
YKL096C-B	1
YKL096W	2625
YKL096W-A	27270
YKL097C	1
YKL098W	593
YKL099C	1189
YKL100C	1217
YKL100W-A	0
YKL101W	1268
YKL102C	6
YKL103C	1307
YKL104C	2467
YKL105C	505
YKL106C-A	4
YKL106W	775
YKL107W	78
YKL108W	375
YKL109W	1823
YKL110C	987
YKL111C	52
YKL112W	715
YKL113C	1207
YKL114C	752
YKL115C	13
YKL116C	537
YKL117W	4114
YKL118W	8
YKL119C	271
YKL120W	464
YKL121W	259
YKL122C	735
YKL123W	11
YKL124W	253
YKL125W	961
YKL126W	1583
YKL127W	1251
YKL128C	997
YKL129C	418
YKL130C	400
YKL131W	22
YKL132C	173
YKL133C	129
YKL134C	358
YKL135C	956
YKL136W	42
YKL137W	219
YKL138C	433
YKL138C-A	333
YKL139W	476
YKL140W	558
YKL141W	2401
YKL142W	1031
YKL143W	1532
YKL144C	652
YKL145W	3718
YKL145W-A	0
YKL146W	643
YKL147C	21
YKL148C	1694
YKL149C	379
YKL150W	2990
YKL151C	685
YKL152C	49154
YKL153W	7221
YKL154W	480
YKL155C	503
YKL156C-A	0
YKL156W	4840
YKL157W	1614
YKL159C	185
YKL160W	1111
YKL161C	385
YKL162C	85
YKL162C-A	33
YKL163W	349
YKL164C	11164
YKL165C	657
YKL165C-A	17
YKL166C	751
YKL167C	293
YKL168C	229
YKL169C	116
YKL170W	175
YKL171W	411
YKL172W	3445
YKL173W	570
YKL174C	590
YKL175W	1634
YKL176C	1185
YKL177W	146
YKL178C	1539
YKL179C	743
YKL180W	13370
YKL181W	4346
YKL182W	7632
YKL183C-A	14
YKL183W	430
YKL184W	1252
YKL185W	1848
YKL186C	637
YKL187C	241
YKL188C	107
YKL189W	301
YKL190W	1118
YKL191W	1803
YKL192C	2046
YKL193C	358
YKL194C	268
YKL195W	1118
YKL196C	1591
YKL197C	382
YKL198C	696
YKL201C	486
YKL202W	17
YKL203C	637
YKL204W	838
YKL205W	895
YKL206C	338
YKL207W	1444
YKL208W	131
YKL209C	107
YKL210W	3570
YKL211C	1473
YKL212W	2997
YKL213C	878
YKL214C	485
YKL215C	539
YKL216W	6583
YKL217W	111
YKL218C	242
YKL219W	373
YKL220C	101
YKL221W	37
YKL222C	251
YKL223W	0
YKL224C	0
YKL225W	0
YKR001C	1976
YKR002W	697
YKR003W	520
YKR004C	126
YKR005C	98
YKR006C	731
YKR007W	499
YKR008W	586
YKR009C	282
YKR010C	347
YKR011C	350
YKR012C	137
YKR013W	5727
YKR014C	935
YKR015C	125
YKR016W	735
YKR017C	207
YKR018C	2038
YKR019C	253
YKR020W	315
YKR021W	481
YKR022C	431
YKR023W	399
YKR024C	1473
YKR025W	1566
YKR026C	1233
YKR027W	412
YKR028W	1262
YKR029C	352
YKR030W	273
YKR031C	570
YKR032W	0
YKR033C	0
YKR034W	0
YKR035C	163
YKR035W-A	0
YKR036C	604
YKR037C	179
YKR038C	910
YKR039W	212
YKR040C	0
YKR041W	56
YKR042W	33526
YKR043C	1951
YKR044W	732
YKR045C	141
YKR046C	1327
YKR047W	79
YKR048C	2314
YKR049C	337
YKR050W	364
YKR051W	296
YKR052C	269
YKR053C	268
YKR054C	689
YKR055W	248
YKR056W	2008
YKR057W	4950
YKR058W	225
YKR059W	5985
YKR060W	438
YKR061W	400
YKR062W	778
YKR063C	452
YKR064W	457
YKR065C	683
YKR066C	1695
YKR067W	484
YKR068C	634
YKR069W	406
YKR070W	646
YKR071C	1332
YKR072C	1797
YKR073C	6
YKR074W	582
YKR075C	353
YKR075W-A	0
YKR076W	460
YKR077W	368
YKR078W	241
YKR079C	862
YKR080W	1613
YKR081C	2230
YKR082W	950
YKR083C	195
YKR084C	1044
YKR085C	541
YKR086W	607
YKR087C	471
YKR088C	489
YKR089C	903
YKR090W	481
YKR091W	194
YKR092C	4069
YKR093W	723
YKR094C	9917
YKR095W	1224
YKR095W-A	144
YKR096W	564
YKR097W	218
YKR098C	228
YKR099W	1217
YKR100C	604
YKR101W	192
YKR102W	142
YKR103W	86
YKR104W	41
YKR105C	222
YKR106W	143
YLL001W	750
YLL002W	242
YLL003W	438
YLL004W	500
YLL005C	209
YLL006W	249
YLL006W-A	0
YLL007C	168
YLL008W	3079
YLL009C	407
YLL010C	1180
YLL011W	1588
YLL012W	900
YLL013C	436
YLL014W	696
YLL015W	875
YLL016W	277
YLL017W	34
YLL018C	7377
YLL018C-A	326
YLL019C	1079
YLL019W-A	0
YLL020C	38
YLL021W	1498
YLL022C	702
YLL023C	659
YLL024C	10156
YLL025W	41
YLL026W	2030
YLL027W	573
YLL028W	1430
YLL029W	1363
YLL030C	0
YLL031C	845
YLL032C	238
YLL033W	120
YLL034C	1684
YLL035W	727
YLL036C	722
YLL037W	21
YLL038C	294
YLL039C	3013
YLL040C	892
YLL041C	2142
YLL042C	54
YLL043W	1451
YLL044W	2495
YLL045C	11605
YLL046C	2
YLL047W	8
YLL048C	1409
YLL049W	336
YLL050C	4826
YLL051C	865
YLL052C	242
YLL053C	284
YLL054C	263
YLL055W	172
YLL056C	86
YLL057C	142
YLL058W	327
YLL059C	26
YLL060C	159
YLL061W	642
YLL062C	288
YLL063C	148
YLL064C	0
YLL065W	0
YLL066C	48
YLL066W-A	0
YLL066W-B	0
YLL067C	1
YLL067W-A	0
YLR001C	379
YLR002C	1339
YLR003C	670
YLR004C	124
YLR005W	758
YLR006C	614
YLR007W	649
YLR008C	823
YLR009W	2938
YLR010C	113
YLR011W	121
YLR012C	9
YLR013W	0
YLR014C	418
YLR015W	419
YLR016C	447
YLR017W	1849
YLR018C	780
YLR019W	744
YLR020C	789
YLR021W	217
YLR022C	659
YLR023C	2181
YLR024C	276
YLR025W	867
YLR026C	677
YLR027C	3031
YLR028C	3238
YLR029C	22017
YLR030W	136
YLR031W	65
YLR032W	490
YLR033W	623
YLR034C	859
YLR035C	252
YLR035C-A	8
YLR036C	158
YLR037C	47
YLR038C	1063
YLR039C	393
YLR040C	1962
YLR041W	175
YLR042C	265
YLR043C	2356
YLR044C	119796
YLR045C	567
YLR046C	183
YLR047C	252
YLR048W	19111
YLR049C	264
YLR050C	483
YLR051C	1149
YLR052W	984
YLR053C	50
YLR054C	74
YLR055C	681
YLR056W	7364
YLR057W	672
YLR058C	10163
YLR059C	765
YLR060W	5761
YLR061W	3062
YLR062C	1735
YLR063W	559
YLR064W	520
YLR065C	606
YLR066W	720
YLR067C	408
YLR068W	432
YLR069C	804
YLR070C	63
YLR071C	630
YLR072W	550
YLR073C	820
YLR074C	2731
YLR075W	20085
YLR076C	2512
YLR077W	680
YLR078C	553
YLR079W	1166
YLR080W	121
YLR081W	115
YLR082C	348
YLR083C	2411
YLR084C	1043
YLR085C	417
YLR086W	560
YLR087C	530
YLR088W	756
YLR089C	1452
YLR090W	602
YLR091W	237
YLR092W	254
YLR093C	914
YLR094C	977
YLR095C	701
YLR096W	969
YLR097C	332
YLR098C	255
YLR099C	354
YLR099W-A	214
YLR100W	944
YLR101C	53
YLR102C	105
YLR103C	407
YLR104W	316
YLR105C	472
YLR106C	1764
YLR107W	932
YLR108C	409
YLR109W	22362
YLR110C	67005
YLR111W	14
YLR112W	83
YLR113W	3466
YLR114C	1075
YLR115W	530
YLR116W	997
YLR117C	611
YLR118C	512
YLR119W	156
YLR120C	1024
YLR120W-A	11
YLR121C	1576
YLR122C	27
YLR123C	43
YLR124W	24
YLR125W	51
YLR126C	472
YLR127C	309
YLR128W	199
YLR129W	2067
YLR130C	1553
YLR131C	346
YLR132C	111
YLR133W	443
YLR134W	131
YLR135W	375
YLR136C	197
YLR137W	257
YLR138W	1116
YLR139C	328
YLR140W	19
YLR141W	203
YLR142W	69
YLR143W	625
YLR144C	425
YLR145W	281
YLR146C	453
YLR146W-A	178
YLR147C	309
YLR148W	357
YLR149C	169
YLR149C-A	5
YLR150W	14367
YLR151C	180
YLR152C	146
YLR153C	3464
YLR154C	262
YLR154C-G	0
YLR154C-H	0
YLR154W-A	0
YLR154W-B	0
YLR154W-C	0
YLR154W-E	0
YLR154W-F	0
YLR155C	0
YLR156C-A	0
YLR156W	0
YLR157C	0
YLR157C-A	0
YLR157C-B	3
YLR157C-C	0
YLR157W-D	0
YLR157W-E	0
YLR158C	0
YLR159C-A	0
YLR159W	0
YLR160C	0
YLR161W	0
YLR162W	0
YLR162W-A	2
YLR163C	1003
YLR163W-A	0
YLR164W	66
YLR165C	183
YLR166C	477
YLR167W	32188
YLR168C	715
YLR169W	112
YLR170C	101
YLR171W	104
YLR172C	1710
YLR173W	276
YLR174W	94
YLR175W	7057
YLR176C	131
YLR177W	182
YLR178C	442
YLR179C	3139
YLR180W	13830
YLR181C	418
YLR182W	675
YLR183C	717
YLR184W	0
YLR185W	6887
YLR186W	1815
YLR187W	319
YLR188W	1281
YLR189C	464
YLR190W	963
YLR191W	391
YLR192C	3137
YLR193C	349
YLR194C	736
YLR195C	1335
YLR196W	4065
YLR197W	7081
YLR198C	108
YLR199C	583
YLR200W	678
YLR201C	444
YLR202C	7
YLR203C	901
YLR204W	453
YLR205C	71
YLR206W	498
YLR207W	604
YLR208W	2508
YLR209C	630
YLR210W	304
YLR211C	166
YLR212C	659
YLR213C	93
YLR214W	398
YLR215C	481
YLR216C	1218
YLR217W	116
YLR218C	153
YLR219W	444
YLR220W	883
YLR221C	1370
YLR222C	2581
YLR222C-A	0
YLR223C	2024
YLR224W	1350
YLR225C	1085
YLR226W	538
YLR227C	276
YLR227W-A	0
YLR227W-B	144
YLR228C	423
YLR229C	998
YLR230W	378
YLR231C	851
YLR232W	49
YLR233C	256
YLR234W	96
YLR235C	18
YLR236C	16
YLR237W	1097
YLR238W	264
YLR239C	311
YLR240W	318
YLR241W	604
YLR242C	188
YLR243W	771
YLR244C	3778
YLR245C	140
YLR246W	222
YLR247C	577
YLR248W	1222
YLR249W	55381
YLR250W	795
YLR251W	134
YLR252W	62
YLR253W	580
YLR254C	271
YLR255C	10
YLR256W	1587
YLR256W-A	110
YLR257W	1574
YLR258W	692
YLR259C	4851
YLR260W	406
YLR261C	164
YLR262C	459
YLR262C-A	1412
YLR263W	185
YLR264C-A	1198
YLR264W	3777
YLR265C	347
YLR266C	337
YLR267W	97
YLR268W	634
YLR269C	4
YLR270W	649
YLR271W	129
YLR272C	429
YLR273C	121
YLR274W	596
YLR275W	293
YLR276C	2367
YLR277C	569
YLR278C	1138
YLR279W	35
YLR280C	0
YLR281C	22
YLR282C	10
YLR283W	133
YLR284C	151
YLR285C-A	17
YLR285W	641
YLR286C	19948
YLR286W-A	0
YLR287C	744
YLR287C-A	8081
YLR288C	297
YLR289W	223
YLR290C	180
YLR291C	1238
YLR292C	841
YLR293C	10268
YLR294C	185
YLR295C	1207
YLR296W	5
YLR297W	138
YLR298C	256
YLR299C-A	0
YLR299W	422
YLR300W	11859
YLR301W	1599
YLR302C	0
YLR303W	0
YLR304C	5326
YLR305C	1041
YLR306W	160
YLR307C-A	4
YLR307W	79
YLR308W	1
YLR309C	740
YLR310C	907
YLR311C	2
YLR312C	57
YLR312W-A	499
YLR313C	314
YLR314C	1922
YLR315W	38
YLR316C	278
YLR317W	20
YLR318W	225
YLR319C	477
YLR320W	368
YLR321C	605
YLR322W	33
YLR323C	315
YLR324W	599
YLR325C	11672
YLR326W	272
YLR327C	732
YLR328W	1140
YLR329W	63
YLR330W	2394
YLR331C	101
YLR332W	999
YLR333C	4406
YLR334C	4
YLR335W	2301
YLR336C	1145
YLR337C	552
YLR338W	34
YLR339C	2349
YLR340W	17098
YLR341W	118
YLR342W	11789
YLR342W-A	11
YLR343W	130
YLR344W	7207
YLR345W	286
YLR346C	16
YLR347C	1688
YLR347W-A	0
YLR348C	834
YLR349W	121
YLR350W	877
YLR351C	1224
YLR352W	252
YLR353W	296
YLR354C	7992
YLR355C	19853
YLR356W	373
YLR357W	705
YLR358C	82
YLR359W	4743
YLR360W	228
YLR361C	299
YLR361C-A	166
YLR362W	440
YLR363C	210
YLR363W-A	619
YLR364C-A	0
YLR364W	208
YLR365W	7
YLR366W	4
YLR367W	2486
YLR368W	326
YLR369W	500
YLR370C	1361
YLR371W	893
YLR372W	4068
YLR373C	477
YLR374C	36
YLR375W	1045
YLR376C	109
YLR377C	75
YLR378C	3172
YLR379W	535
YLR380W	1682
YLR381W	272
YLR382C	663
YLR383W	442
YLR384C	1960
YLR385C	30
YLR386W	613
YLR387C	780
YLR388W	3238
YLR389C	972
YLR390W	258
YLR390W-A	7338
YLR392C	279
YLR393W	147
YLR394W	265
YLR395C	1633
YLR396C	444
YLR397C	1076
YLR398C	850
YLR399C	1201
YLR399W-A	0
YLR400W	70
YLR401C	2258
YLR402W	64
YLR403W	948
YLR404W	149
YLR405W	474
YLR406C	6531
YLR406C-A	9
YLR407W	910
YLR408C	66
YLR409C	2450
YLR410W	1606
YLR410W-A	0
YLR410W-B	61
YLR411W	126
YLR412C-A	1
YLR412W	748
YLR413W	3754
YLR414C	761
YLR415C	3
YLR416C	3
YLR417W	264
YLR418C	713
YLR419W	767
YLR420W	1798
YLR421C	937
YLR422W	609
YLR423C	127
YLR424W	205
YLR425W	355
YLR426W	334
YLR427W	672
YLR428C	72
YLR429W	2000
YLR430W	1435
YLR431C	370
YLR432W	5625
YLR433C	565
YLR434C	1
YLR435W	773
YLR436C	733
YLR437C	248
YLR437C-A	29
YLR438C-A	735
YLR438W	484
YLR439W	662
YLR440C	448
YLR441C	20383
YLR442C	470
YLR443W	423
YLR444C	27
YLR445W	4
YLR446W	237
YLR447C	3655
YLR448W	8072
YLR449W	2492
YLR450W	647
YLR451W	705
YLR452C	949
YLR453C	103
YLR454W	524
YLR455W	374
YLR456W	59
YLR457C	165
YLR458W	18
YLR459W	494
YLR460C	153
YLR461W	13
YLR462W	3
YLR463C	0
YLR464W	0
YLR465C	0
YLR466C-A	0
YLR466C-B	20
YLR466W	11
YLR467C-A	0
YLR467W	0
YML001W	1056
YML002W	308
YML003W	43
YML004C	1714
YML005W	435
YML006C	732
YML007C-A	5
YML007W	1663
YML008C	5025
YML009C	503
YML009C-A	74
YML009W-B	12
YML010W	1517
YML011C	228
YML012C-A	50
YML012W	2997
YML013W	609
YML014W	490
YML015C	460
YML016C	1093
YML017W	321
YML018C	2361
YML019W	525
YML020W	436
YML021C	465
YML022W	2088
YML023C	774
YML024W	11537
YML025C	967
YML026C	12790
YML027W	1138
YML028W	19273
YML029W	426
YML030W	312
YML031C-A	34
YML031W	1171
YML032C	660
YML034C-A	35
YML034W	575
YML035C	1649
YML036W	165
YML037C	96
YML038C	1001
YML039W	1
YML040W	0
YML041C	264
YML042W	110
YML043C	988
YML045W	0
YML045W-A	0
YML046W	428
YML047C	18
YML047W-A	4
YML048W	2058
YML049C	579
YML050W	141
YML051W	792
YML052W	1122
YML053C	528
YML054C	172
YML054C-A	15
YML055W	605
YML056C	6004
YML057C-A	48
YML057W	785
YML058W	2084
YML058W-A	106
YML059C	676
YML060W	529
YML061C	669
YML062C	575
YML063W	20632
YML064C	611
YML065W	543
YML066C	175
YML067C	999
YML068W	228
YML069W	1678
YML070W	1850
YML071C	546
YML072C	2173
YML073C	9141
YML074C	3151
YML075C	839
YML076C	404
YML077W	404
YML078W	2180
YML079W	595
YML080W	853
YML081C-A	1843
YML081W	953
YML082W	933
YML083C	25
YML084W	1
YML085C	2412
YML086C	1506
YML087C	167
YML088W	862
YML089C	6
YML090W	12
YML091C	874
YML092C	1985
YML093W	2849
YML094C-A	33
YML094W	325
YML095C	114
YML096W	676
YML097C	707
YML098W	477
YML099C	574
YML099W-A	39
YML100W	1927
YML100W-A	17
YML101C	182
YML101C-A	3
YML102W	563
YML103C	888
YML104C	351
YML105C	1042
YML106W	2676
YML107C	359
YML108W	568
YML109W	555
YML110C	2419
YML111W	749
YML112W	349
YML113W	755
YML114C	762
YML115C	1237
YML116W	463
YML116W-A	86
YML117W	754
YML118W	73
YML119W	403
YML120C	1858
YML121W	777
YML122C	61
YML123C	1564
YML124C	2503
YML125C	2494
YML126C	2671
YML127W	626
YML128C	1232
YML129C	551
YML130C	1910
YML131W	1033
YML132W	13
YML133C	23
YML133W-A	0
YML133W-B	0
YMR001C	591
YMR001C-A	0
YMR002W	1969
YMR003W	82
YMR004W	482
YMR005W	867
YMR006C	660
YMR007W	31
YMR008C	1301
YMR009W	316
YMR010W	895
YMR011W	1925
YMR012W	3349
YMR013C	216
YMR013C-A	0
YMR013W-A	0
YMR014W	1226
YMR015C	1563
YMR016C	1346
YMR017W	26
YMR018W	10
YMR019W	436
YMR020W	282
YMR021C	447
YMR022W	593
YMR023C	201
YMR024W	811
YMR025W	60
YMR026C	410
YMR027W	1505
YMR028W	364
YMR029C	473
YMR030W	151
YMR030W-A	2
YMR031C	703
YMR031W-A	3
YMR032W	336
YMR033W	1072
YMR034C	72
YMR035W	160
YMR036C	391
YMR037C	833
YMR038C	1511
YMR039C	1005
YMR040W	34
YMR041C	276
YMR042W	368
YMR043W	953
YMR044W	588
YMR045C	340
YMR046C	0
YMR046W-A	0
YMR047C	1405
YMR048W	313
YMR049C	3271
YMR050C	20
YMR051C	0
YMR052C-A	27
YMR052W	90
YMR053C	79
YMR054W	946
YMR055C	156
YMR056C	196
YMR057C	12
YMR058W	9537
YMR059W	177
YMR060C	314
YMR061W	771
YMR062C	849
YMR063W	115
YMR064W	527
YMR065W	156
YMR066W	315
YMR067C	622
YMR068W	112
YMR069W	80
YMR070W	517
YMR071C	672
YMR072W	1649
YMR073C	407
YMR074C	826
YMR075C-A	18
YMR075W	313
YMR076C	603
YMR077C	268
YMR078C	571
YMR079W	2084
YMR080C	2061
YMR081C	62
YMR082C	0
YMR083W	5689
YMR084W	12
YMR085W	40
YMR086C-A	14
YMR086W	641
YMR087W	127
YMR088C	880
YMR089C	1120
YMR090W	681
YMR091C	935
YMR092C	1250
YMR093W	1920
YMR094W	77
YMR095C	79
YMR096W	245
YMR097C	314
YMR098C	365
YMR099C	1598
YMR100W	425
YMR101C	12
YMR102C	552
YMR103C	66
YMR104C	215
YMR105C	1112
YMR105W-A	9
YMR106C	156
YMR107W	7
YMR108W	4141
YMR109W	1179
YMR110C	585
YMR111C	252
YMR112C	225
YMR113W	472
YMR114C	179
YMR115W	333
YMR116C	21131
YMR117C	160
YMR118C	162
YMR119W	319
YMR119W-A	15
YMR120C	3613
YMR121C	658
YMR122C	70
YMR122W-A	8167
YMR123W	627
YMR124W	517
YMR125W	1488
YMR126C	239
YMR127C	439
YMR128W	1788
YMR129W	1108
YMR130W	379
YMR131C	4688
YMR132C	165
YMR133W	89
YMR134W	231
YMR135C	353
YMR135W-A	3
YMR136W	482
YMR137C	189
YMR138W	185
YMR139W	372
YMR140W	381
YMR141C	83
YMR141W-A	147
YMR142C	15899
YMR143W	9268
YMR144W	296
YMR145C	3377
YMR146C	5994
YMR147W	132
YMR148W	322
YMR149W	1653
YMR150C	227
YMR151W	15
YMR152W	723
YMR153C-A	56
YMR153W	556
YMR154C	159
YMR155W	284
YMR156C	92
YMR157C	301
YMR158C-A	13
YMR158W	340
YMR158W-B	10
YMR159C	13
YMR160W	182
YMR161W	485
YMR162C	531
YMR163C	167
YMR164C	223
YMR165C	523
YMR166C	234
YMR167W	315
YMR168C	268
YMR169C	254
YMR170C	219
YMR171C	956
YMR172C-A	29
YMR172W	431
YMR173W	742
YMR173W-A	165
YMR174C	94
YMR175W	52
YMR175W-A	1
YMR176W	442
YMR177W	570
YMR178W	915
YMR179W	512
YMR180C	331
YMR181C	553
YMR182C	388
YMR182W-A	21
YMR183C	1271
YMR184W	301
YMR185W	628
YMR186W	11350
YMR187C	210
YMR188C	463
YMR189W	886
YMR190C	357
YMR191W	475
YMR192W	520
YMR193C-A	581
YMR193W	500
YMR194C-A	9
YMR194C-B	47
YMR194W	2849
YMR195W	440
YMR196W	865
YMR197C	388
YMR198W	198
YMR199W	1667
YMR200W	1569
YMR201C	252
YMR202W	2501
YMR203W	2627
YMR204C	153
YMR205C	9711
YMR206W	47
YMR207C	438
YMR208W	1044
YMR209C	466
YMR210W	434
YMR211W	346
YMR212C	898
YMR213W	358
YMR214W	965
YMR215W	1035
YMR216C	1755
YMR217W	10124
YMR218C	387
YMR219W	697
YMR220W	831
YMR221C	851
YMR222C	416
YMR223W	411
YMR224C	411
YMR225C	495
YMR226C	2813
YMR227C	526
YMR228W	200
YMR229C	3571
YMR230W	6388
YMR230W-A	1
YMR231W	491
YMR232W	78
YMR233W	312
YMR234W	383
YMR235C	1984
YMR236W	639
YMR237W	1109
YMR238W	995
YMR239C	856
YMR240C	253
YMR241W	2782
YMR242C	12683
YMR242W-A	7
YMR243C	4036
YMR244C-A	172
YMR244W	56
YMR245W	138
YMR246W	3597
YMR247C	537
YMR247W-A	7
YMR250W	808
YMR251W	38
YMR251W-A	4824
YMR252C	227
YMR253C	250
YMR254C	12
YMR255W	429
YMR256C	862
YMR257C	235
YMR258C	284
YMR259C	816
YMR260C	3649
YMR261C	1281
YMR262W	186
YMR263W	269
YMR264W	745
YMR265C	414
YMR266W	1805
YMR267W	627
YMR268C	283
YMR269W	415
YMR270C	503
YMR271C	110
YMR272C	2426
YMR272W-A	0
YMR272W-B	1
YMR273C	412
YMR274C	127
YMR275C	594
YMR276W	2682
YMR277W	1022
YMR278W	383
YMR279C	144
YMR280C	115
YMR281W	339
YMR282C	387
YMR283C	276
YMR284W	131
YMR285C	730
YMR286W	400
YMR287C	329
YMR288W	573
YMR289W	571
YMR290C	4258
YMR290W-A	189
YMR291W	508
YMR292W	418
YMR293C	205
YMR294W	252
YMR294W-A	273
YMR295C	1545
YMR296C	3321
YMR297W	7243
YMR298W	797
YMR299C	219
YMR300C	2157
YMR301C	961
YMR302C	677
YMR303C	565
YMR304C-A	196
YMR304W	516
YMR305C	7782
YMR306C-A	9
YMR306W	172
YMR307C-A	0
YMR307W	21335
YMR308C	3032
YMR309C	4246
YMR310C	1165
YMR311C	966
YMR312W	458
YMR313C	460
YMR314W	1493
YMR315W	2080
YMR315W-A	9
YMR316C-A	14
YMR316C-B	14
YMR316W	164
YMR317W	405
YMR318C	5370
YMR319C	722
YMR320W	84
YMR321C	10
YMR322C	2
YMR323W	1
YMR324C	0
YMR325W	0
YMR326C	0
YNL001W	754
YNL002C	2920
YNL003C	247
YNL004W	1311
YNL005C	879
YNL006W	391
YNL007C	700
YNL008C	479
YNL009W	129
YNL010W	2168
YNL011C	237
YNL012W	120
YNL013C	0
YNL014W	93
YNL015W	1483
YNL016W	2960
YNL017C	10
YNL018C	25
YNL019C	17
YNL020C	447
YNL021W	665
YNL022C	1043
YNL023C	913
YNL024C	368
YNL024C-A	625
YNL025C	180
YNL026W	505
YNL027W	521
YNL028W	0
YNL029C	339
YNL030W	4120
YNL031C	5221
YNL032W	641
YNL033W	23
YNL034W	13
YNL035C	701
YNL036W	2537
YNL037C	3253
YNL038W	362
YNL039W	726
YNL040W	375
YNL041C	626
YNL042W	443
YNL042W-B	3
YNL043C	134
YNL044W	643
YNL045W	1060
YNL046W	467
YNL047C	436
YNL048W	703
YNL049C	726
YNL050C	642
YNL051W	205
YNL052W	1306
YNL053W	704
YNL054W	530
YNL054W-A	0
YNL054W-B	738
YNL055C	13797
YNL056W	423
YNL057W	59
YNL058C	348
YNL059C	1164
YNL061W	4650
YNL062C	1208
YNL063W	242
YNL064C	5265
YNL065W	7444
YNL066W	4271
YNL067W	7707
YNL067W-A	7
YNL067W-B	3
YNL068C	878
YNL069C	16034
YNL070W	616
YNL071W	4937
YNL072W	394
YNL073W	623
YNL074C	1025
YNL075W	1455
YNL076W	769
YNL077W	258
YNL078W	929
YNL079C	4066
YNL080C	934
YNL081C	646
YNL082W	441
YNL083W	369
YNL084C	1038
YNL085W	1563
YNL086W	186
YNL087W	1637
YNL088W	1094
YNL089C	84
YNL090W	263
YNL091W	1587
YNL092W	47
YNL093W	13
YNL094W	911
YNL095C	705
YNL096C	7592
YNL097C	232
YNL097C-B	67
YNL097W-A	0
YNL098C	2057
YNL099C	719
YNL100W	564
YNL101W	699
YNL102W	870
YNL103W	1147
YNL103W-A	10
YNL104C	2399
YNL105W	13
YNL106C	283
YNL107W	260
YNL108C	276
YNL109W	87
YNL110C	2408
YNL111C	409
YNL112W	9702
YNL113W	1048
YNL114C	414
YNL115C	577
YNL116W	381
YNL117W	42
YNL118C	1240
YNL119W	584
YNL120C	24
YNL121C	2641
YNL122C	230
YNL123W	2673
YNL124W	2227
YNL125C	546
YNL126W	290
YNL127W	380
YNL128W	37
YNL129W	208
YNL130C	1104
YNL130C-A	5
YNL131W	1972
YNL132W	2305
YNL133C	113
YNL134C	4476
YNL135C	5907
YNL136W	640
YNL137C	1073
YNL138W	2174
YNL138W-A	144
YNL139C	478
YNL140C	74
YNL141W	3242
YNL142W	260
YNL143C	59
YNL144C	139
YNL144W-A	0
YNL145W	7
YNL146C-A	0
YNL146W	24
YNL147W	473
YNL148C	234
YNL149C	492
YNL150W	314
YNL151C	1226
YNL152W	524
YNL153C	946
YNL154C	1895
YNL155W	752
YNL156C	750
YNL157W	602
YNL158W	261
YNL159C	305
YNL160W	4878
YNL161W	816
YNL162W	7061
YNL162W-A	258
YNL163C	1840
YNL164C	604
YNL165W	364
YNL166C	937
YNL167C	734
YNL168C	545
YNL169C	634
YNL170W	29
YNL171C	21
YNL172W	229
YNL173C	380
YNL174W	118
YNL175C	1494
YNL176C	1008
YNL177C	527
YNL178W	19673
YNL179C	57
YNL180C	1251
YNL181W	695
YNL182C	1743
YNL183C	411
YNL184C	27
YNL185C	334
YNL186W	2572
YNL187W	359
YNL188W	563
YNL189W	2958
YNL190W	5032
YNL191W	1145
YNL192W	1262
YNL193W	296
YNL194C	54
YNL195C	89
YNL196C	53
YNL197C	1058
YNL198C	1
YNL199C	986
YNL200C	439
YNL201C	1415
YNL202W	162
YNL203C	43
YNL204C	72
YNL205C	5
YNL206C	952
YNL207W	1122
YNL208W	4321
YNL209W	20295
YNL210W	217
YNL211C	119
YNL212W	675
YNL213C	523
YNL214W	136
YNL215W	612
YNL216W	1321
YNL217W	955
YNL218W	280
YNL219C	1019
YNL220W	3274
YNL221C	1551
YNL222W	193
YNL223W	133
YNL224C	441
YNL225C	379
YNL226W	23
YNL227C	371
YNL228W	40
YNL229C	1052
YNL230C	257
YNL231C	1486
YNL232W	1158
YNL233W	725
YNL234W	690
YNL235C	26
YNL236W	520
YNL237W	240
YNL238W	1282
YNL239W	1658
YNL240C	755
YNL241C	2369
YNL242W	238
YNL243W	2077
YNL244C	3575
YNL245C	330
YNL246W	760
YNL247W	3363
YNL248C	3314
YNL249C	220
YNL250W	304
YNL251C	862
YNL252C	670
YNL253W	458
YNL254C	407
YNL255C	4828
YNL256W	1111
YNL257C	434
YNL258C	548
YNL259C	342
YNL260C	279
YNL261W	508
YNL262W	872
YNL263C	1194
YNL264C	620
YNL265C	252
YNL266W	18
YNL267W	838
YNL268W	3614
YNL269W	15
YNL270C	65
YNL271C	996
YNL272C	841
YNL273W	383
YNL274C	618
YNL275W	390
YNL276C	31
YNL277W	480
YNL277W-A	39
YNL278W	342
YNL279W	255
YNL280C	1318
YNL281W	1375
YNL282W	302
YNL283C	770
YNL284C	654
YNL284C-A	0
YNL284C-B	145
YNL285W	9
YNL286W	307
YNL287W	2298
YNL288W	905
YNL289W	1474
YNL290W	877
YNL291C	590
YNL292W	795
YNL293W	300
YNL294C	830
YNL295W	268
YNL296W	1
YNL297C	588
YNL298W	862
YNL299W	793
YNL300W	1922
YNL301C	2590
YNL302C	10324
YNL303W	2
YNL304W	150
YNL305C	483
YNL306W	1003
YNL307C	1694
YNL308C	3007
YNL309W	335
YNL310C	260
YNL311C	413
YNL312W	1308
YNL313C	1860
YNL314W	182
YNL315C	889
YNL316C	310
YNL317W	527
YNL318C	2
YNL319W	1
YNL320W	388
YNL321W	509
YNL322C	1964
YNL323W	668
YNL324W	8
YNL325C	206
YNL326C	398
YNL327W	7950
YNL328C	51
YNL329C	611
YNL330C	1057
YNL331C	238
YNL332W	68
YNL333W	165
YNL334C	60
YNL335W	23
YNL336W	388
YNL337W	0
YNL338W	0
YNL339C	0
YNL339W-A	0
YNL339W-B	0
YNR001C	8714
YNR001W-A	2
YNR002C	96
YNR003C	664
YNR003W-A	0
YNR004W	141
YNR005C	19
YNR006W	511
YNR007C	190
YNR008W	605
YNR009W	304
YNR010W	133
YNR011C	528
YNR012W	892
YNR013C	1584
YNR014W	190
YNR015W	790
YNR016C	5943
YNR017W	2147
YNR018W	2292
YNR019W	661
YNR020C	451
YNR021W	2299
YNR022C	449
YNR023W	329
YNR024W	292
YNR025C	79
YNR026C	876
YNR027W	659
YNR028W	408
YNR029C	652
YNR030W	836
YNR031C	589
YNR032C-A	266
YNR032W	472
YNR033W	802
YNR034W	466
YNR034W-A	234
YNR035C	1933
YNR036C	1098
YNR037C	340
YNR038W	1166
YNR039C	532
YNR040W	238
YNR041C	146
YNR042W	23
YNR043W	1581
YNR044W	2085
YNR045W	310
YNR046W	1289
YNR047W	301
YNR048W	338
YNR049C	365
YNR050C	860
YNR051C	2290
YNR052C	998
YNR053C	4162
YNR054C	803
YNR055C	913
YNR056C	159
YNR057C	110
YNR058W	134
YNR059W	322
YNR060W	108
YNR061C	519
YNR062C	103
YNR063W	129
YNR064C	84
YNR065C	358
YNR066C	34
YNR067C	3602
YNR068C	40
YNR069C	47
YNR070W	147
YNR071C	110
YNR072W	32
YNR073C	54
YNR074C	309
YNR075C-A	48
YNR075W	87
YNR076W	12
YNR077C	0
YOL001W	209
YOL002C	848
YOL003C	390
YOL004W	1459
YOL005C	942
YOL006C	1037
YOL007C	1359
YOL008W	218
YOL009C	139
YOL010W	1460
YOL011W	1521
YOL012C	582
YOL013C	512
YOL013W-A	41
YOL013W-B	0
YOL014W	133
YOL015W	60
YOL016C	349
YOL017W	358
YOL018C	518
YOL019W	975
YOL019W-A	0
YOL020W	1784
YOL021C	1797
YOL022C	1074
YOL023W	269
YOL024W	5
YOL025W	182
YOL026C	318
YOL027C	1716
YOL028C	465
YOL029C	479
YOL030W	3161
YOL031C	515
YOL032W	141
YOL033W	269
YOL034W	382
YOL035C	98
YOL036W	1100
YOL037C	77
YOL038C-A	34
YOL038W	1897
YOL039W	8884
YOL040C	19756
YOL041C	2535
YOL042W	334
YOL043C	264
YOL044W	305
YOL045W	896
YOL046C	39
YOL047C	137
YOL048C	297
YOL049W	1164
YOL050C	26
YOL051W	830
YOL052C	992
YOL052C-A	436
YOL053W	214
YOL054W	503
YOL055C	370
YOL056W	654
YOL057W	970
YOL058W	2570
YOL059W	3839
YOL060C	732
YOL061W	2256
YOL062C	1083
YOL063C	382
YOL064C	956
YOL065C	336
YOL066C	700
YOL067C	220
YOL068C	1182
YOL069W	151
YOL070C	827
YOL071W	258
YOL072W	282
YOL073C	271
YOL075C	267
YOL076W	628
YOL077C	2987
YOL077W-A	1206
YOL078W	316
YOL079W	107
YOL080C	617
YOL081W	640
YOL082W	419
YOL083C-A	0
YOL083W	182
YOL084W	84
YOL085C	8
YOL085W-A	9
YOL086C	106323
YOL086W-A	160
YOL087C	658
YOL088C	438
YOL089C	284
YOL090W	918
YOL091W	37
YOL092W	1606
YOL093W	708
YOL094C	532
YOL095C	225
YOL096C	245
YOL097C	3110
YOL097W-A	12
YOL098C	1702
YOL099C	23
YOL100W	470
YOL101C	136
YOL102C	284
YOL103W	1160
YOL103W-A	0
YOL103W-B	40
YOL104C	27
YOL105C	380
YOL106W	7
YOL107W	125
YOL108C	158
YOL109W	4035
YOL110W	224
YOL111C	623
YOL112W	509
YOL113W	262
YOL114C	34
YOL115W	891
YOL116W	223
YOL117W	120
YOL118C	76
YOL119C	712
YOL120C	17886
YOL121C	6944
YOL122C	845
YOL123W	1539
YOL124C	2256
YOL125W	1096
YOL126C	4029
YOL127W	17246
YOL128C	522
YOL129W	1350
YOL130W	1193
YOL131W	7
YOL132W	74
YOL133W	376
YOL134C	80
YOL135C	257
YOL136C	2536
YOL137W	499
YOL138C	428
YOL139C	6181
YOL140W	744
YOL141W	192
YOL142W	900
YOL143C	2588
YOL144W	847
YOL145C	1415
YOL146W	237
YOL147C	524
YOL148C	396
YOL149W	819
YOL150C	8
YOL151W	925
YOL152W	67
YOL154W	178
YOL155C	4264
YOL155W-A	16
YOL156W	63
YOL157C	157
YOL158C	1008
YOL159C	132
YOL159C-A	79
YOL160W	20
YOL161C	0
YOL162W	29
YOL163W	66
YOL164W	427
YOL164W-A	21
YOL165C	26
YOL166C	6
YOL166W-A	0
YOR001W	1613
YOR002W	1182
YOR003W	213
YOR004W	910
YOR005C	231
YOR006C	707
YOR007C	4368
YOR008C	1669
YOR008C-A	19
YOR008W-B	45
YOR009W	292
YOR010C	232
YOR011W	486
YOR011W-A	14
YOR012W	107
YOR013W	85
YOR014W	1074
YOR015W	114
YOR016C	648
YOR017W	447
YOR018W	270
YOR019W	172
YOR020C	3031
YOR020W-A	296
YOR021C	1872
YOR022C	200
YOR023C	833
YOR024W	1
YOR025W	347
YOR026W	420
YOR027W	2133
YOR028C	81
YOR029W	4
YOR030W	358
YOR032C	71
YOR032W-A	4
YOR033C	627
YOR034C	422
YOR034C-A	13
YOR035C	252
YOR036W	306
YOR037W	333
YOR038C	461
YOR039W	946
YOR040W	233
YOR041C	107
YOR042W	1105
YOR043W	1370
YOR044W	103
YOR045W	841
YOR046C	2058
YOR047C	990
YOR048C	1490
YOR049C	130
YOR050C	71
YOR051C	2667
YOR052C	730
YOR053W	15
YOR054C	251
YOR055W	26
YOR056C	1775
YOR057W	487
YOR058C	321
YOR059C	385
YOR060C	155
YOR061W	1889
YOR062C	222
YOR063W	45238
YOR064C	183
YOR065W	2401
YOR066W	552
YOR067C	674
YOR068C	0
YOR069W	587
YOR070C	430
YOR071C	621
YOR072W	23
YOR072W-A	3
YOR072W-B	0
YOR073W	234
YOR073W-A	77
YOR074C	761
YOR075W	233
YOR076C	322
YOR077W	171
YOR078W	1376
YOR079C	436
YOR080W	357
YOR081C	652
YOR082C	2
YOR083W	47
YOR084W	201
YOR085W	1979
YOR086C	1175
YOR087W	508
YOR089C	1040
YOR090C	799
YOR091W	1273
YOR092W	665
YOR093C	438
YOR094W	396
YOR095C	1565
YOR096W	12851
YOR097C	216
YOR098C	1947
YOR099W	2547
YOR100C	52
YOR101W	1637
YOR102W	70
YOR103C	252
YOR104W	247
YOR105W	89
YOR106W	348
YOR107W	1789
YOR108C-A	0
YOR108W	1737
YOR109W	852
YOR110W	395
YOR111W	228
YOR112W	549
YOR113W	355
YOR114W	102
YOR115C	711
YOR116C	1860
YOR117W	2374
YOR118W	880
YOR119C	1065
YOR120W	295
YOR121C	26
YOR122C	4113
YOR123C	1514
YOR124C	825
YOR125C	314
YOR126C	309
YOR127W	905
YOR128C	2222
YOR129C	251
YOR130C	251
YOR131C	370
YOR132W	585
YOR133W	5825
YOR134W	52
YOR135C	287
YOR136W	3805
YOR137C	251
YOR138C	792
YOR139C	33
YOR140W	710
YOR141C	918
YOR142W	1999
YOR142W-A	0
YOR142W-B	11
YOR143C	388
YOR144C	427
YOR145C	2330
YOR146W	162
YOR147W	679
YOR148C	286
YOR149C	422
YOR150W	553
YOR151C	2872
YOR152C	81
YOR153W	1711
YOR154W	651
YOR155C	604
YOR156C	292
YOR157C	1423
YOR158W	592
YOR159C	493
YOR160W	589
YOR161C	348
YOR161C-C	28
YOR161W-A	0
YOR161W-B	0
YOR162C	337
YOR163W	475
YOR164C	706
YOR165W	1231
YOR166C	544
YOR167C	7791
YOR168W	4142
YOR169C	166
YOR170W	16
YOR171C	669
YOR172W	443
YOR173W	231
YOR174W	422
YOR175C	1039
YOR176W	1330
YOR177C	63
YOR178C	183
YOR179C	178
YOR180C	77
YOR181W	526
YOR182C	4542
YOR183W	3
YOR184W	3182
YOR185C	807
YOR186C-A	0
YOR186W	12
YOR187W	3953
YOR188W	731
YOR189W	327
YOR190W	125
YOR191W	734
YOR192C	107
YOR192C-A	0
YOR192C-B	45
YOR192C-C	16
YOR193W	112
YOR194C	686
YOR195W	443
YOR196C	1092
YOR197W	2101
YOR198C	2928
YOR199W	27
YOR200W	45
YOR201C	755
YOR202W	995
YOR203W	6
YOR204W	4525
YOR205C	679
YOR206W	2736
YOR207C	1542
YOR208W	371
YOR209C	2984
YOR210W	962
YOR211C	562
YOR212W	1312
YOR213C	394
YOR214C	0
YOR215C	655
YOR216C	679
YOR217W	919
YOR218C	65
YOR219C	529
YOR220W	304
YOR221C	169
YOR222W	744
YOR223W	247
YOR224C	2197
YOR225W	36
YOR226C	302
YOR227W	728
YOR228C	230
YOR229W	425
YOR230W	4137
YOR231C-A	0
YOR231W	719
YOR232W	2240
YOR233W	836
YOR234C	6238
YOR235W	0
YOR236W	446
YOR237W	56
YOR238W	418
YOR239W	1984
YOR241W	932
YOR242C	22
YOR243C	1733
YOR244W	785
YOR245C	405
YOR246C	1157
YOR247W	3923
YOR248W	837
YOR249C	288
YOR250C	432
YOR251C	1067
YOR252W	691
YOR253W	710
YOR254C	2433
YOR255W	3
YOR256C	528
YOR257W	386
YOR258W	78
YOR259C	2639
YOR260W	2265
YOR261C	1866
YOR262W	623
YOR263C	84
YOR264W	986
YOR265W	272
YOR266W	394
YOR267C	1411
YOR268C	4
YOR269W	311
YOR270C	4726
YOR271C	2101
YOR272W	2309
YOR273C	358
YOR274W	493
YOR275C	487
YOR276W	1430
YOR277C	236
YOR278W	317
YOR279C	244
YOR280C	330
YOR281C	1086
YOR282W	36
YOR283W	1181
YOR284W	193
YOR285W	2022
YOR286W	649
YOR287C	524
YOR288C	268
YOR289W	229
YOR290C	882
YOR291W	514
YOR292C	273
YOR293C-A	1
YOR293W	11955
YOR294W	2160
YOR295W	304
YOR296W	348
YOR297C	362
YOR298C-A	1829
YOR298W	63
YOR299W	782
YOR300W	3
YOR301W	460
YOR302W	117
YOR303W	5470
YOR304C-A	216
YOR304W	820
YOR305W	523
YOR306C	910
YOR307C	727
YOR308C	300
YOR309C	367
YOR310C	6201
YOR311C	803
YOR312C	13438
YOR313C	57
YOR314W	10
YOR314W-A	0
YOR315W	1155
YOR316C	1033
YOR316C-A	8
YOR317W	1116
YOR318C	49
YOR319W	303
YOR320C	760
YOR321W	509
YOR322C	1163
YOR323C	2399
YOR324C	310
YOR325W	18
YOR326W	2376
YOR327C	939
YOR328W	255
YOR329C	771
YOR329W-A	0
YOR330C	666
YOR331C	778
YOR332W	1556
YOR333C	21
YOR334W	244
YOR335C	5506
YOR335W-A	0
YOR336W	502
YOR337W	1292
YOR338W	1953
YOR339C	94
YOR340C	1909
YOR341W	4469
YOR342C	2409
YOR343C	53
YOR343W-A	0
YOR343W-B	189
YOR344C	1626
YOR345C	39
YOR346W	683
YOR347C	215
YOR348C	46
YOR349W	297
YOR350C	259
YOR351C	43
YOR352W	194
YOR353C	460
YOR354C	825
YOR355W	2199
YOR356W	806
YOR357C	507
YOR358W	268
YOR359W	1790
YOR360C	2184
YOR361C	5282
YOR362C	2820
YOR363C	454
YOR364W	7
YOR365C	94
YOR366W	3
YOR367W	408
YOR368W	319
YOR369C	18592
YOR370C	2317
YOR371C	232
YOR372C	686
YOR373W	363
YOR374W	2353
YOR375C	3514
YOR376W	15
YOR376W-A	23
YOR377W	305
YOR378W	171
YOR379C	0
YOR380W	239
YOR381W	156
YOR381W-A	16
YOR382W	2217
YOR383C	647
YOR384W	255
YOR385W	217
YOR386W	122
YOR387C	25
YOR388C	2
YOR389W	299
YOR390W	86
YOR391C	4
YOR392W	0
YOR393W	0
YOR394C-A	6
YOR394W	0
YOR396C-A	0
YOR396W	2
YPL001W	406
YPL002C	336
YPL003W	177
YPL004C	2837
YPL005W	215
YPL006W	602
YPL007C	369
YPL008W	436
YPL009C	2141
YPL010W	1291
YPL011C	475
YPL012W	4072
YPL013C	688
YPL014W	400
YPL015C	1154
YPL016W	189
YPL017C	230
YPL018W	128
YPL019C	864
YPL020C	514
YPL021W	3
YPL022W	717
YPL023C	1277
YPL024W	570
YPL025C	19
YPL026C	1821
YPL027W	24
YPL028W	3969
YPL029W	452
YPL030W	1090
YPL031C	615
YPL032C	1702
YPL033C	13
YPL034W	148
YPL035C	135
YPL036W	155
YPL037C	5520
YPL038W	324
YPL038W-A	1
YPL039W	259
YPL040C	370
YPL041C	129
YPL042C	817
YPL043W	2216
YPL044C	132
YPL045W	568
YPL046C	84
YPL047W	406
YPL048W	4337
YPL049C	1603
YPL050C	2029
YPL051W	267
YPL052W	378
YPL053C	880
YPL054W	83
YPL055C	343
YPL056C	84
YPL057C	601
YPL058C	1290
YPL059W	804
YPL060C-A	5
YPL060W	115
YPL061W	4948
YPL062W	0
YPL063W	1838
YPL064C	522
YPL065W	217
YPL066W	634
YPL067C	162
YPL068C	364
YPL069C	317
YPL070W	405
YPL071C	222
YPL072W	172
YPL073C	43
YPL074W	557
YPL075W	784
YPL076W	185
YPL077C	161
YPL078C	3791
YPL079W	10464
YPL080C	49
YPL081W	3692
YPL082C	1359
YPL083C	308
YPL084W	658
YPL085W	1252
YPL086C	1466
YPL087W	592
YPL088W	480
YPL089C	1014
YPL090C	12765
YPL091W	1897
YPL092W	727
YPL093W	8264
YPL094C	2372
YPL095C	1002
YPL096C-A	165
YPL096W	283
YPL097W	252
YPL098C	680
YPL099C	233
YPL100W	362
YPL101W	830
YPL102C	2
YPL103C	390
YPL104W	448
YPL105C	2373
YPL106C	12672
YPL107W	315
YPL108W	223
YPL109C	182
YPL110C	468
YPL111W	806
YPL112C	463
YPL113C	97
YPL114W	5
YPL115C	628
YPL116W	392
YPL117C	2394
YPL118W	959
YPL119C	120
YPL119C-A	7
YPL120W	127
YPL121C	3
YPL122C	367
YPL123C	112
YPL124W	146
YPL125W	621
YPL126W	3328
YPL127C	861
YPL128C	638
YPL129W	1355
YPL130W	11
YPL131W	27377
YPL132W	484
YPL133C	338
YPL134C	472
YPL135C-A	0
YPL135W	1525
YPL136W	26
YPL137C	1251
YPL138C	347
YPL139C	473
YPL140C	302
YPL141C	374
YPL142C	807
YPL143W	5158
YPL144W	202
YPL145C	2243
YPL146C	1800
YPL147W	128
YPL148C	123
YPL149W	401
YPL150W	452
YPL151C	482
YPL152W	241
YPL152W-A	4
YPL153C	319
YPL154C	5936
YPL155C	340
YPL156C	227
YPL157W	767
YPL158C	667
YPL159C	1037
YPL160W	4280
YPL161C	295
YPL162C	363
YPL163C	2048
YPL164C	172
YPL165C	101
YPL166W	38
YPL167C	199
YPL168W	146
YPL169C	1298
YPL170W	386
YPL171C	41
YPL172C	329
YPL173W	642
YPL174C	240
YPL175W	457
YPL176C	508
YPL177C	591
YPL178W	968
YPL179W	1886
YPL180W	516
YPL181W	702
YPL182C	66
YPL183C	1902
YPL183W-A	313
YPL184C	835
YPL185W	21
YPL186C	82
YPL187W	13601
YPL188W	643
YPL189C-A	179
YPL189W	66
YPL190C	1008
YPL191C	113
YPL192C	52
YPL193W	529
YPL194W	229
YPL195W	810
YPL196W	382
YPL197C	919
YPL198W	3995
YPL199C	838
YPL200W	28
YPL201C	53
YPL202C	703
YPL203W	323
YPL204W	2399
YPL205C	38
YPL206C	771
YPL207W	2030
YPL208W	441
YPL209C	112
YPL210C	1634
YPL211W	1901
YPL212C	2015
YPL213W	246
YPL214C	480
YPL215W	760
YPL216W	444
YPL217C	2332
YPL218W	2772
YPL219W	159
YPL220W	9192
YPL221W	2724
YPL222C-A	0
YPL222W	285
YPL223C	50
YPL224C	416
YPL225W	1653
YPL226W	5841
YPL227C	718
YPL228W	479
YPL229W	369
YPL230W	66
YPL231W	9053
YPL232W	1493
YPL233W	279
YPL234C	1771
YPL235W	1567
YPL236C	188
YPL237W	3186
YPL238C	505
YPL239W	1343
YPL240C	854
YPL241C	198
YPL242C	617
YPL243W	2092
YPL244C	800
YPL245W	701
YPL246C	1492
YPL247C	252
YPL248C	279
YPL249C	473
YPL249C-A	10973
YPL250C	346
YPL250W-A	208
YPL251W	141
YPL252C	583
YPL253C	216
YPL254W	589
YPL255W	399
YPL256C	2143
YPL257W	66
YPL257W-A	0
YPL257W-B	3
YPL258C	163
YPL259C	566
YPL260W	1129
YPL261C	3
YPL262W	2603
YPL263C	1700
YPL264C	50
YPL265W	1594
YPL266W	1342
YPL267W	344
YPL268W	503
YPL269W	227
YPL270W	896
YPL271W	2395
YPL272C	154
YPL273W	2790
YPL274W	2117
YPL275W	8
YPL276W	3
YPL277C	144
YPL278C	27
YPL279C	66
YPL280W	4
YPL281C	1
YPL282C	0
YPL283C	3
YPL283W-A	0
YPL283W-B	0
YPR001W	86
YPR002C-A	15
YPR002W	293
YPR003C	242
YPR004C	1177
YPR005C	128
YPR006C	217
YPR007C	35
YPR008W	1340
YPR009W	756
YPR010C	6534
YPR010C-A	724
YPR011C	284
YPR012W	8
YPR013C	151
YPR014C	63
YPR015C	77
YPR016C	3408
YPR016W-A	22
YPR017C	255
YPR018W	773
YPR019W	783
YPR020W	823
YPR021C	339
YPR022C	826
YPR023C	865
YPR024W	1393
YPR025C	320
YPR026W	207
YPR027C	113
YPR028W	2516
YPR029C	1108
YPR030W	231
YPR031W	365
YPR032W	442
YPR033C	3708
YPR034W	1244
YPR035W	19373
YPR036W	3652
YPR036W-A	4224
YPR037C	406
YPR038W	129
YPR039W	2
YPR040W	422
YPR041W	4641
YPR042C	363
YPR043W	3478
YPR044C	443
YPR045C	323
YPR046W	154
YPR047W	186
YPR048W	522
YPR049C	274
YPR050C	93
YPR051W	195
YPR052C	1274
YPR053C	234
YPR054W	208
YPR055W	365
YPR056W	419
YPR057W	388
YPR058W	676
YPR059C	37
YPR060C	924
YPR061C	159
YPR062W	1698
YPR063C	1370
YPR064W	9
YPR065W	1603
YPR066W	91
YPR067W	328
YPR068C	193
YPR069C	2614
YPR070W	538
YPR071W	238
YPR072W	974
YPR073C	677
YPR074C	10987
YPR074W-A	2
YPR075C	1053
YPR076W	100
YPR077C	1
YPR078C	52
YPR079W	422
YPR080W	28563
YPR081C	265
YPR082C	400
YPR083W	397
YPR084W	543
YPR085C	394
YPR086W	1520
YPR087W	50
YPR088C	1876
YPR089W	921
YPR091C	609
YPR092W	2
YPR093C	210
YPR094W	179
YPR095C	370
YPR096C	2
YPR097W	735
YPR098C	412
YPR099C	142
YPR100W	222
YPR101W	303
YPR102C	8953
YPR103W	3330
YPR104C	544
YPR105C	721
YPR106W	327
YPR107C	219
YPR108W	1375
YPR108W-A	0
YPR109W	348
YPR110C	3629
YPR111W	237
YPR112C	2288
YPR113W	2964
YPR114W	1508
YPR115W	661
YPR116W	31
YPR117W	648
YPR118W	1371
YPR119W	478
YPR120C	533
YPR121W	234
YPR122W	571
YPR123C	56
YPR124W	501
YPR125W	1788
YPR126C	340
YPR127W	759
YPR128C	446
YPR129W	1020
YPR130C	22
YPR131C	532
YPR132W	13792
YPR133C	1228
YPR133W-A	1300
YPR134W	276
YPR135W	645
YPR136C	126
YPR137C-A	0
YPR137C-B	3
YPR137W	1912
YPR138C	655
YPR139C	726
YPR140W	634
YPR141C	241
YPR142C	144
YPR143W	908
YPR144C	1636
YPR145C-A	18
YPR145W	6605
YPR146C	48
YPR147C	452
YPR148C	1133
YPR149W	2511
YPR150W	3
YPR151C	7
YPR152C	257
YPR153W	103
YPR154W	513
YPR155C	178
YPR156C	1114
YPR157W	473
YPR158C-C	0
YPR158C-D	156
YPR158W	66
YPR158W-A	0
YPR158W-B	15
YPR159C-A	3
YPR159W	2464
YPR160C-A	0
YPR160W	1181
YPR160W-A	0
YPR161C	849
YPR162C	363
YPR163C	6484
YPR164W	498
YPR165W	3075
YPR166C	305
YPR167C	210
YPR168W	176
YPR169W	1646
YPR169W-A	1
YPR170C	11
YPR170W-A	1
YPR170W-B	1029
YPR171W	599
YPR172W	341
YPR173C	1705
YPR174C	457
YPR175W	540
YPR176C	519
YPR177C	12
YPR178W	227
YPR179C	377
YPR180W	357
YPR181C	3915
YPR182W	208
YPR183W	2137
YPR184W	405
YPR185W	448
YPR186C	438
YPR187W	2486
YPR188C	428
YPR189W	663
YPR190C	1612
YPR191W	3862
YPR192W	34
YPR193C	17
YPR194C	115
YPR195C	47
YPR196W	168
YPR197C	25
YPR198W	489
YPR199C	360
YPR200C	50
YPR201W	72
YPR202W	4
YPR203W	0
YPR204C-A	0
YPR204W	126
ZOD1	0
snR10	35
snR11	15
snR128	8
snR13	3
snR14	18
snR161	7
snR17a	13
snR17b	40
snR18	101
snR189	2
snR19	36
snR190	11
snR191	38
snR24	20
snR3	19
snR30	56
snR31	103
snR32	7
snR33	121
snR34	28
snR35	5
snR36	8
snR37	3
snR38	2
snR39	57
snR39B	16
snR4	91
snR40	15
snR41	107
snR42	13
snR43	58
snR44	168
snR45	0
snR46	32
snR47	3
snR48	13
snR49	20
snR5	17
snR50	32
snR51	0
snR52	2
snR53	1
snR54	11
snR55	2
snR56	0
snR57	16
snR58	4
snR59	21
snR6	1
snR60	1
snR61	1
snR62	5
snR63	23
snR64	3
snR65	3
snR66	21
snR67	24
snR68	30
snR69	16
snR7-L	6
snR7-S	0
snR70	76
snR71	9
snR72	0
snR73	1
snR74	1
snR75	3
snR76	35
snR77	10
snR78	8
snR79	5
snR8	10
snR80	0
snR81	3
snR82	27
snR83	31
snR84	85
snR85	5
snR86	281
snR87	27
snR9	25
tA(AGC)D	0
tA(AGC)F	0
tA(AGC)G	0
tA(AGC)H	0
tA(AGC)J	0
tA(AGC)K1	0
tA(AGC)K2	4
tA(AGC)L	3
tA(AGC)M1	0
tA(AGC)M2	1
tA(AGC)P	1
tA(UGC)A	3
tA(UGC)E	2
tA(UGC)G	1
tA(UGC)L	0
tA(UGC)O	0
tA(UGC)Q	0
tC(GCA)B	0
tC(GCA)G	2
tC(GCA)P1	0
tC(GCA)P2	3
tC(GCA)Q	0
tD(GUC)B	2
tD(GUC)D	1
tD(GUC)G1	0
tD(GUC)G2	17
tD(GUC)I1	2
tD(GUC)I2	0
tD(GUC)J1	0
tD(GUC)J2	2
tD(GUC)J3	0
tD(GUC)J4	0
tD(GUC)K	0
tD(GUC)L1	0
tD(GUC)L2	0
tD(GUC)M	0
tD(GUC)N	39
tD(GUC)O	7
tD(GUC)Q	0
tE(CUC)D	0
tE(CUC)I	0
tE(UUC)B	1
tE(UUC)C	0
tE(UUC)E1	7
tE(UUC)E2	0
tE(UUC)E3	0
tE(UUC)G1	53
tE(UUC)G2	1
tE(UUC)G3	0
tE(UUC)I	2
tE(UUC)J	4
tE(UUC)K	6
tE(UUC)L	2
tE(UUC)M	0
tE(UUC)P	1
tE(UUC)Q	0
tF(GAA)B	0
tF(GAA)D	2
tF(GAA)F	4
tF(GAA)G	0
tF(GAA)H1	6
tF(GAA)H2	2
tF(GAA)M	4
tF(GAA)N	0
tF(GAA)P1	2
tF(GAA)P2	0
tF(GAA)Q	0
tG(CCC)D	0
tG(CCC)O	1
tG(GCC)B	0
tG(GCC)C	0
tG(GCC)D1	0
tG(GCC)D2	10
tG(GCC)E	2
tG(GCC)F1	0
tG(GCC)F2	0
tG(GCC)G1	8
tG(GCC)G2	0
tG(GCC)J1	0
tG(GCC)J2	0
tG(GCC)M	1
tG(GCC)O1	1
tG(GCC)O2	2
tG(GCC)P1	0
tG(GCC)P2	0
tG(UCC)G	0
tG(UCC)N	0
tG(UCC)O	0
tG(UCC)Q	0
tH(GUG)E1	6
tH(GUG)E2	8
tH(GUG)G1	3
tH(GUG)G2	1
tH(GUG)H	0
tH(GUG)K	0
tH(GUG)M	3
tH(GUG)Q	0
tI(AAU)B	0
tI(AAU)D	0
tI(AAU)E1	0
tI(AAU)E2	0
tI(AAU)G	4
tI(AAU)I1	0
tI(AAU)I2	5
tI(AAU)L1	2
tI(AAU)L2	0
tI(AAU)N1	0
tI(AAU)N2	0
tI(AAU)P1	0
tI(AAU)P2	0
tI(GAU)Q	0
tI(UAU)D	2
tI(UAU)L	1
tK(CUU)C	0
tK(CUU)D1	1
tK(CUU)D2	0
tK(CUU)E1	2
tK(CUU)E2	0
tK(CUU)F	1
tK(CUU)G1	1
tK(CUU)G2	0
tK(CUU)G3	0
tK(CUU)I	0
tK(CUU)J	0
tK(CUU)K	0
tK(CUU)M	8
tK(CUU)P	11
tK(UUU)D	11
tK(UUU)G1	1
tK(UUU)G2	1
tK(UUU)K	0
tK(UUU)L	1
tK(UUU)O	6
tK(UUU)P	9
tK(UUU)Q	0
tL(CAA)A	1
tL(CAA)C	0
tL(CAA)D	0
tL(CAA)G1	0
tL(CAA)G2	1
tL(CAA)G3	0
tL(CAA)K	0
tL(CAA)L	14
tL(CAA)M	0
tL(CAA)N	3
tL(GAG)G	0
tL(UAA)B1	3
tL(UAA)B2	1
tL(UAA)D	0
tL(UAA)J	6
tL(UAA)K	0
tL(UAA)L	6
tL(UAA)N	0
tL(UAA)Q	0
tL(UAG)J	0
tL(UAG)L1	0
tL(UAG)L2	0
tM(CAU)C	0
tM(CAU)D	2
tM(CAU)E	4
tM(CAU)J1	0
tM(CAU)J2	0
tM(CAU)J3	0
tM(CAU)M	3
tM(CAU)O1	0
tM(CAU)O2	3
tM(CAU)P	0
tM(CAU)Q1	0
tM(CAU)Q2	0
tN(GUU)C	2
tN(GUU)F	0
tN(GUU)G	1
tN(GUU)K	4
tN(GUU)L	0
tN(GUU)N1	5
tN(GUU)N2	0
tN(GUU)O1	0
tN(GUU)O2	4
tN(GUU)P	8
tN(GUU)Q	0
tP(AGG)C	4
tP(AGG)N	0
tP(UGG)A	1
tP(UGG)F	0
tP(UGG)H	0
tP(UGG)L	0
tP(UGG)M	3
tP(UGG)N1	0
tP(UGG)N2	0
tP(UGG)O1	0
tP(UGG)O2	0
tP(UGG)O3	1
tP(UGG)Q	0
tQ(CUG)M	0
tQ(UUG)B	2
tQ(UUG)C	0
tQ(UUG)D1	0
tQ(UUG)D2	0
tQ(UUG)D3	1
tQ(UUG)E1	0
tQ(UUG)E2	0
tQ(UUG)H	1
tQ(UUG)L	0
tQ(UUG)Q	0
tR(ACG)D	3
tR(ACG)E	0
tR(ACG)J	0
tR(ACG)K	1
tR(ACG)L	0
tR(ACG)O	0
tR(ACG)Q2	0
tR(CCG)L	0
tR(CCU)J	0
tR(UCU)B	0
tR(UCU)D	0
tR(UCU)E	1
tR(UCU)G1	1
tR(UCU)G2	0
tR(UCU)G3	9
tR(UCU)J1	0
tR(UCU)J2	0
tR(UCU)K	2
tR(UCU)M1	5
tR(UCU)M2	0
tR(UCU)Q1	0
tS(AGA)A	0
tS(AGA)B	2
tS(AGA)D1	0
tS(AGA)D2	1
tS(AGA)D3	2
tS(AGA)E	0
tS(AGA)G	0
tS(AGA)H	2
tS(AGA)J	2
tS(AGA)L	0
tS(AGA)M	0
tS(CGA)C	1
tS(GCU)F	2
tS(GCU)O	0
tS(GCU)Q1	0
tS(UGA)E	3
tS(UGA)I	2
tS(UGA)P	0
tS(UGA)Q2	0
tT(AGU)B	0
tT(AGU)C	0
tT(AGU)D	2
tT(AGU)H	4
tT(AGU)I1	7
tT(AGU)I2	0
tT(AGU)J	0
tT(AGU)N1	5
tT(AGU)N2	0
tT(AGU)O1	2
tT(AGU)O2	3
tT(CGU)K	3
tT(UAG)Q2	0
tT(UGU)G1	0
tT(UGU)G2	0
tT(UGU)H	0
tT(UGU)P	0
tT(UGU)Q1	0
tV(AAC)E1	0
tV(AAC)E2	3
tV(AAC)G1	0
tV(AAC)G2	7
tV(AAC)G3	8
tV(AAC)H	0
tV(AAC)J	1
tV(AAC)K1	2
tV(AAC)K2	0
tV(AAC)L	3
tV(AAC)M1	0
tV(AAC)M2	14
tV(AAC)M3	0
tV(AAC)O	6
tV(CAC)D	3
tV(CAC)H	0
tV(UAC)B	0
tV(UAC)D	6
tV(UAC)Q	0
tW(CCA)G1	0
tW(CCA)G2	0
tW(CCA)J	0
tW(CCA)K	0
tW(CCA)M	0
tW(CCA)P	13
tW(UCA)Q	0
tX(XXX)D	1
tX(XXX)L	1
tY(GUA)D	0
tY(GUA)F1	0
tY(GUA)F2	0
tY(GUA)J1	0
tY(GUA)J2	0
tY(GUA)M1	10
tY(GUA)M2	0
tY(GUA)O	0
tY(GUA)Q	0
__no_feature	203443
__ambiguous	239870
__too_low_aQual	87
__not_aligned	426719
__alignment_not_unique	404187
